# This file uses centimeters as units for non-parametric coordinates.

g default
v 0.104558 -0.245739 -4.124184
v 0.000074 -0.245739 -4.216072
v 0.000074 -0.141802 -4.445732
v 0.181045 -0.141802 -4.286579
v -0.104410 -0.245739 -4.124184
v -0.180898 -0.141802 -4.286579
v -0.147689 -0.245739 -3.902349
v -0.255858 -0.141802 -3.902349
v -0.104410 -0.245739 -3.680511
v -0.180898 -0.141802 -3.518114
v 0.000074 -0.245739 -3.588625
v 0.000074 -0.141802 -3.358962
v 0.104558 -0.245739 -3.680511
v 0.181045 -0.141802 -3.518114
v 0.147836 -0.245739 -3.902349
v 0.256006 -0.141802 -3.902349
v 0.000074 0.000181 -4.529796
v 0.209042 0.000181 -4.346020
v -0.208894 0.000181 -4.346020
v -0.295452 0.000181 -3.902349
v -0.208894 0.000181 -3.458674
v 0.000074 0.000181 -3.274897
v 0.209042 0.000181 -3.458674
v 0.295599 0.000181 -3.902349
v 0.000074 0.142162 -4.445732
v 0.181045 0.142162 -4.286579
v -0.180898 0.142162 -4.286579
v -0.255858 0.142162 -3.902349
v -0.180898 0.142162 -3.518114
v 0.000074 0.142162 -3.358962
v 0.181045 0.142162 -3.518114
v 0.256006 0.142162 -3.902349
v 0.000074 0.246100 -4.216072
v 0.104558 0.246100 -4.124184
v -0.104410 0.246100 -4.124184
v -0.147689 0.246100 -3.902349
v -0.104410 0.246100 -3.680511
v 0.000074 0.246100 -3.588625
v 0.104558 0.246100 -3.680511
v 0.147836 0.246100 -3.902349
v 0.000074 -0.283785 -3.902349
v 0.000074 0.284144 -3.902349
vt 0.618543 0.044647
vt 0.613456 0.038626
vt 0.618038 0.024387
vt 0.625753 0.035507
vt 0.173984 0.038653
vt 0.168896 0.044672
vt 0.161687 0.035532
vt 0.169404 0.024413
vt 0.167024 0.057253
vt 0.158535 0.057253
vt 0.168896 0.069834
vt 0.161687 0.078973
vt 0.173984 0.075853
vt 0.169404 0.090092
vt 0.613453 0.075828
vt 0.618541 0.069809
vt 0.625749 0.078949
vt 0.618032 0.090067
vt 0.620412 0.057228
vt 0.628901 0.057229
vt 0.624168 0.016828
vt 0.633058 0.030683
vt 0.154384 0.030707
vt 0.163275 0.016854
vt 0.150183 0.057253
vt 0.154384 0.083798
vt 0.163275 0.097652
vt 0.633053 0.083775
vt 0.624160 0.097628
vt 0.637253 0.057229
vt 0.382537 0.030708
vt 0.391428 0.016854
vt 0.397557 0.024414
vt 0.389840 0.035532
vt 0.950837 0.016822
vt 0.959728 0.030677
vt 0.952424 0.035501
vt 0.944708 0.024381
vt 0.963927 0.057222
vt 0.955575 0.057222
vt 0.959729 0.083766
vt 0.952425 0.078943
vt 0.950837 0.097621
vt 0.944709 0.090061
vt 0.391426 0.097652
vt 0.382536 0.083799
vt 0.389839 0.078974
vt 0.397556 0.090093
vt 0.378336 0.057253
vt 0.386688 0.057253
vt 0.402137 0.038653
vt 0.397049 0.044673
vt 0.945215 0.044640
vt 0.940127 0.038620
vt 0.947085 0.057222
vt 0.945215 0.069803
vt 0.940128 0.075823
vt 0.397048 0.069834
vt 0.402136 0.075854
vt 0.395177 0.057253
vt 0.611674 0.057227
vt 0.175763 0.057253
vt 0.403916 0.057254
vt 0.938347 0.057222
vn 0.340885 -0.856477 -0.387614
vn 0.340885 -0.856477 -0.387614
vn 0.340885 -0.856477 -0.387614
vn 0.340885 -0.856477 -0.387614
vn 0.000000 -0.937353 -0.348382
vn -0.474851 -0.851179 -0.223630
vn -0.760870 -0.540971 -0.358368
vn 0.000000 -0.729789 -0.683672
vn -0.474851 -0.851179 -0.223630
vn -0.619422 -0.785059 0.000000
vn -0.893436 -0.449191 0.000000
vn -0.760870 -0.540971 -0.358368
vn -0.619422 -0.785059 0.000000
vn -0.474875 -0.851167 0.223627
vn -0.760870 -0.540971 0.358368
vn -0.893436 -0.449191 0.000000
vn -0.474875 -0.851167 0.223627
vn 0.000000 -0.937353 0.348382
vn 0.000000 -0.729789 0.683672
vn -0.760870 -0.540971 0.358368
vn 0.000000 -0.937353 0.348382
vn 0.474875 -0.851167 0.223627
vn 0.760870 -0.540971 0.358368
vn 0.000000 -0.729789 0.683672
vn 0.474875 -0.851167 0.223627
vn 0.619422 -0.785059 0.000000
vn 0.893436 -0.449191 0.000000
vn 0.760870 -0.540971 0.358368
vn 0.619422 -0.785059 0.000000
vn 0.474851 -0.851179 -0.223630
vn 0.760870 -0.540971 -0.358368
vn 0.893436 -0.449191 0.000000
vn 0.760870 -0.540971 -0.358368
vn 0.000000 -0.729789 -0.683672
vn 0.000000 0.000000 -1.000000
vn 0.904692 0.000000 -0.426066
vn 0.000000 -0.729789 -0.683672
vn -0.760870 -0.540971 -0.358368
vn -0.904692 0.000000 -0.426066
vn 0.000000 0.000000 -1.000000
vn -0.760870 -0.540971 -0.358368
vn -0.893436 -0.449191 0.000000
vn -1.000000 0.000000 0.000000
vn -0.904692 0.000000 -0.426066
vn -0.893436 -0.449191 0.000000
vn -0.760870 -0.540971 0.358368
vn -0.904692 0.000000 0.426066
vn -1.000000 0.000000 0.000000
vn -0.760870 -0.540971 0.358368
vn 0.000000 -0.729789 0.683672
vn 0.000000 0.000000 1.000000
vn -0.904692 0.000000 0.426066
vn 0.000000 -0.729789 0.683672
vn 0.760870 -0.540971 0.358368
vn 0.904692 0.000000 0.426066
vn 0.000000 0.000000 1.000000
vn 0.760870 -0.540971 0.358368
vn 0.893436 -0.449191 0.000000
vn 1.000000 0.000000 0.000000
vn 0.904692 0.000000 0.426066
vn 0.893436 -0.449191 0.000000
vn 0.760870 -0.540971 -0.358368
vn 0.904692 0.000000 -0.426066
vn 1.000000 0.000000 0.000000
vn 0.904692 0.000000 -0.426066
vn 0.000000 0.000000 -1.000000
vn 0.000000 0.729789 -0.683672
vn 0.760870 0.540971 -0.358368
vn 0.000000 0.000000 -1.000000
vn -0.904692 0.000000 -0.426066
vn -0.760870 0.540971 -0.358368
vn 0.000000 0.729789 -0.683672
vn -0.904692 0.000000 -0.426066
vn -1.000000 0.000000 0.000000
vn -0.893436 0.449191 0.000000
vn -0.760870 0.540971 -0.358368
vn -1.000000 0.000000 0.000000
vn -0.904692 0.000000 0.426066
vn -0.760870 0.540971 0.358368
vn -0.893436 0.449191 0.000000
vn -0.904692 0.000000 0.426066
vn 0.000000 0.000000 1.000000
vn 0.000000 0.729789 0.683672
vn -0.760870 0.540971 0.358368
vn 0.000000 0.000000 1.000000
vn 0.904692 0.000000 0.426066
vn 0.760870 0.540971 0.358368
vn 0.000000 0.729789 0.683672
vn 0.904692 0.000000 0.426066
vn 1.000000 0.000000 0.000000
vn 0.893436 0.449191 0.000000
vn 0.760870 0.540971 0.358368
vn 1.000000 0.000000 0.000000
vn 0.904692 0.000000 -0.426066
vn 0.760870 0.540971 -0.358368
vn 0.893436 0.449191 0.000000
vn 0.760870 0.540971 -0.358368
vn 0.000000 0.729789 -0.683672
vn 0.000000 0.937353 -0.348382
vn 0.474851 0.851179 -0.223630
vn 0.000000 0.729789 -0.683672
vn -0.760870 0.540971 -0.358368
vn -0.474851 0.851179 -0.223630
vn 0.000000 0.937353 -0.348382
vn -0.760870 0.540971 -0.358368
vn -0.893436 0.449191 0.000000
vn -0.619422 0.785059 0.000000
vn -0.474851 0.851179 -0.223630
vn -0.893436 0.449191 0.000000
vn -0.760870 0.540971 0.358368
vn -0.474875 0.851167 0.223627
vn -0.619422 0.785059 0.000000
vn -0.760870 0.540971 0.358368
vn 0.000000 0.729789 0.683672
vn 0.000000 0.937353 0.348382
vn -0.474875 0.851167 0.223627
vn 0.000000 0.729789 0.683672
vn 0.760870 0.540971 0.358368
vn 0.474875 0.851167 0.223627
vn 0.000000 0.937353 0.348382
vn 0.760870 0.540971 0.358368
vn 0.893436 0.449191 0.000000
vn 0.619422 0.785059 0.000000
vn 0.474875 0.851167 0.223627
vn 0.893436 0.449191 0.000000
vn 0.760870 0.540971 -0.358368
vn 0.474851 0.851179 -0.223630
vn 0.619422 0.785059 0.000000
vn 0.000000 -0.937353 -0.348382
vn 0.474851 -0.851179 -0.223630
vn 0.000000 -1.000000 0.000000
vn -0.474851 -0.851179 -0.223630
vn 0.000000 -0.937353 -0.348382
vn 0.000000 -1.000000 0.000000
vn -0.619422 -0.785059 0.000000
vn -0.474851 -0.851179 -0.223630
vn 0.000000 -1.000000 0.000000
vn -0.474875 -0.851167 0.223627
vn -0.619422 -0.785059 0.000000
vn 0.000000 -1.000000 0.000000
vn 0.000000 -0.937353 0.348382
vn -0.474875 -0.851167 0.223627
vn 0.000000 -1.000000 0.000000
vn 0.474875 -0.851167 0.223627
vn 0.000000 -0.937353 0.348382
vn 0.000000 -1.000000 0.000000
vn 0.619422 -0.785059 0.000000
vn 0.474875 -0.851167 0.223627
vn 0.000000 -1.000000 0.000000
vn 0.474851 -0.851179 -0.223630
vn 0.619422 -0.785059 0.000000
vn 0.000000 -1.000000 0.000000
vn 0.474851 0.851179 -0.223630
vn 0.000000 0.937353 -0.348382
vn 0.000000 1.000000 0.000000
vn 0.000000 0.937353 -0.348382
vn -0.474851 0.851179 -0.223630
vn 0.000000 1.000000 0.000000
vn -0.474851 0.851179 -0.223630
vn -0.619422 0.785059 0.000000
vn 0.000000 1.000000 0.000000
vn -0.619422 0.785059 0.000000
vn -0.474875 0.851167 0.223627
vn 0.000000 1.000000 0.000000
vn -0.474875 0.851167 0.223627
vn 0.000000 0.937353 0.348382
vn 0.000000 1.000000 0.000000
vn 0.000000 0.937353 0.348382
vn 0.474875 0.851167 0.223627
vn 0.000000 1.000000 0.000000
vn 0.474875 0.851167 0.223627
vn 0.619422 0.785059 0.000000
vn 0.000000 1.000000 0.000000
vn 0.619422 0.785059 0.000000
vn 0.474851 0.851179 -0.223630
vn 0.000000 1.000000 0.000000
s off
g Cross:CrossPearl22 Cross1
f 1/1/1 2/2/2 3/3/3 4/4/4
f 2/5/5 5/6/6 6/7/7 3/8/8
f 5/6/9 7/9/10 8/10/11 6/7/12
f 7/9/13 9/11/14 10/12/15 8/10/16
f 9/11/17 11/13/18 12/14/19 10/12/20
f 11/15/21 13/16/22 14/17/23 12/18/24
f 13/16/25 15/19/26 16/20/27 14/17/28
f 15/19/29 1/1/30 4/4/31 16/20/32
f 4/4/33 3/3/34 17/21/35 18/22/36
f 3/8/37 6/7/38 19/23/39 17/24/40
f 6/7/41 8/10/42 20/25/43 19/23/44
f 8/10/45 10/12/46 21/26/47 20/25/48
f 10/12/49 12/14/50 22/27/51 21/26/52
f 12/18/53 14/17/54 23/28/55 22/29/56
f 14/17/57 16/20/58 24/30/59 23/28/60
f 16/20/61 4/4/62 18/22/63 24/30/64
f 18/31/65 17/32/66 25/33/67 26/34/68
f 17/35/69 19/36/70 27/37/71 25/38/72
f 19/36/73 20/39/74 28/40/75 27/37/76
f 20/39/77 21/41/78 29/42/79 28/40/80
f 21/41/81 22/43/82 30/44/83 29/42/84
f 22/45/85 23/46/86 31/47/87 30/48/88
f 23/46/89 24/49/90 32/50/91 31/47/92
f 24/49/93 18/31/94 26/34/95 32/50/96
f 26/34/97 25/33/98 33/51/99 34/52/100
f 25/38/101 27/37/102 35/53/103 33/54/104
f 27/37/105 28/40/106 36/55/107 35/53/108
f 28/40/109 29/42/110 37/56/111 36/55/112
f 29/42/113 30/44/114 38/57/115 37/56/116
f 30/48/117 31/47/118 39/58/119 38/59/120
f 31/47/121 32/50/122 40/60/123 39/58/124
f 32/50/125 26/34/126 34/52/127 40/60/128
f 2/2/129 1/1/130 41/61/131
f 5/6/132 2/5/133 41/62/134
f 7/9/135 5/6/136 41/62/137
f 9/11/138 7/9/139 41/62/140
f 11/13/141 9/11/142 41/62/143
f 13/16/144 11/15/145 41/61/146
f 15/19/147 13/16/148 41/61/149
f 1/1/150 15/19/151 41/61/152
f 34/52/153 33/51/154 42/63/155
f 33/54/156 35/53/157 42/64/158
f 35/53/159 36/55/160 42/64/161
f 36/55/162 37/56/163 42/64/164
f 37/56/165 38/57/166 42/64/167
f 38/59/168 39/58/169 42/63/170
f 39/58/171 40/60/172 42/63/173
f 40/60/174 34/52/175 42/63/176
g default
v -1.575291 -0.621050 -8.264865
v -1.828908 -0.621050 -8.369918
v -1.828908 -0.358487 -8.632480
v -1.389631 -0.358487 -8.450526
v -2.082525 -0.621050 -8.264865
v -2.268184 -0.358487 -8.450526
v -2.187575 -0.621050 -8.011250
v -2.450139 -0.358487 -8.011250
v -2.082525 -0.621050 -7.757634
v -2.268184 -0.358487 -7.571973
v -1.828908 -0.621050 -7.652581
v -1.828908 -0.358487 -7.390020
v -1.575291 -0.621050 -7.757634
v -1.389631 -0.358487 -7.571973
v -1.470239 -0.621050 -8.011250
v -1.207678 -0.358487 -8.011250
v -1.828908 0.000181 -8.728586
v -1.321675 0.000181 -8.518482
v -2.336142 0.000181 -8.518482
v -2.546243 0.000181 -8.011250
v -2.336142 0.000181 -7.504017
v -1.828908 0.000181 -7.293912
v -1.321675 0.000181 -7.504017
v -1.111573 0.000181 -8.011250
v -1.828908 0.358849 -8.632480
v -1.389631 0.358849 -8.450526
v -2.268184 0.358849 -8.450526
v -2.450139 0.358849 -8.011250
v -2.268184 0.358849 -7.571973
v -1.828908 0.358849 -7.390020
v -1.389631 0.358849 -7.571973
v -1.207678 0.358849 -8.011250
v -1.828908 0.621411 -8.369918
v -1.575291 0.621411 -8.264865
v -2.082525 0.621411 -8.264865
v -2.187575 0.621411 -8.011250
v -2.082525 0.621411 -7.757634
v -1.828908 0.621411 -7.652581
v -1.575291 0.621411 -7.757634
v -1.470239 0.621411 -8.011250
v -1.828908 -0.717154 -8.011250
v -1.828908 0.717515 -8.011250
vt 0.197794 0.714126
vt 0.185706 0.704789
vt 0.197473 0.684390
vt 0.215760 0.703679
vt 0.083393 0.250914
vt 0.071305 0.260250
vt 0.053339 0.249802
vt 0.071628 0.230514
vt 0.066798 0.274334
vt 0.046329 0.274334
vt 0.071305 0.288416
vt 0.053339 0.298865
vt 0.083394 0.297752
vt 0.071630 0.318152
vt 0.185705 0.751629
vt 0.197793 0.742292
vt 0.215759 0.752741
vt 0.197471 0.772030
vt 0.202299 0.728210
vt 0.222769 0.728211
vt 0.213678 0.668918
vt 0.234482 0.694591
vt 0.034618 0.240712
vt 0.055424 0.215040
vt 0.025736 0.274334
vt 0.034620 0.307954
vt 0.055426 0.333627
vt 0.234481 0.761830
vt 0.213675 0.787503
vt 0.243361 0.728211
vt 0.392402 0.641915
vt 0.413207 0.616242
vt 0.429412 0.631714
vt 0.411123 0.651004
vt 0.452202 0.701458
vt 0.473006 0.727131
vt 0.454284 0.736220
vt 0.435997 0.716929
vt 0.481885 0.760751
vt 0.461293 0.760751
vt 0.473004 0.794370
vt 0.454282 0.785281
vt 0.452200 0.820043
vt 0.435994 0.804570
vt 0.413209 0.734827
vt 0.392402 0.709155
vt 0.411124 0.700066
vt 0.429413 0.719354
vt 0.383521 0.675535
vt 0.404113 0.675535
vt 0.441177 0.652114
vt 0.429089 0.661451
vt 0.436317 0.746667
vt 0.424230 0.737329
vt 0.440823 0.760750
vt 0.436317 0.774833
vt 0.424229 0.784169
vt 0.429089 0.689616
vt 0.441178 0.698953
vt 0.424582 0.675534
vt 0.181295 0.728209
vt 0.087803 0.274334
vt 0.445588 0.675534
vt 0.419818 0.760750
vn 0.281086 -0.678598 -0.678598
vn 0.281085 -0.678598 -0.678598
vn 0.281086 -0.678598 -0.678598
vn 0.281085 -0.678598 -0.678598
vn 0.000000 -0.772807 -0.634641
vn -0.448767 -0.772798 -0.448767
vn -0.636727 -0.434922 -0.636727
vn 0.000000 -0.434927 -0.900466
vn -0.448767 -0.772798 -0.448767
vn -0.634641 -0.772807 0.000000
vn -0.900466 -0.434927 0.000000
vn -0.636727 -0.434922 -0.636727
vn -0.634641 -0.772807 0.000000
vn -0.448767 -0.772798 0.448767
vn -0.636727 -0.434922 0.636727
vn -0.900466 -0.434927 0.000000
vn -0.448767 -0.772798 0.448767
vn 0.000000 -0.772807 0.634641
vn 0.000000 -0.434927 0.900466
vn -0.636727 -0.434922 0.636727
vn 0.000000 -0.772807 0.634641
vn 0.448767 -0.772798 0.448767
vn 0.636727 -0.434922 0.636727
vn 0.000000 -0.434927 0.900466
vn 0.448767 -0.772798 0.448767
vn 0.634641 -0.772807 0.000000
vn 0.900466 -0.434927 0.000000
vn 0.636727 -0.434922 0.636727
vn 0.634641 -0.772807 0.000000
vn 0.448767 -0.772798 -0.448767
vn 0.636727 -0.434922 -0.636727
vn 0.900466 -0.434927 0.000000
vn 0.636727 -0.434922 -0.636727
vn 0.000000 -0.434927 -0.900466
vn 0.000000 0.000000 -1.000000
vn 0.707107 0.000000 -0.707107
vn 0.000000 -0.434927 -0.900466
vn -0.636727 -0.434922 -0.636727
vn -0.707107 0.000000 -0.707107
vn 0.000000 0.000000 -1.000000
vn -0.636727 -0.434922 -0.636727
vn -0.900466 -0.434927 0.000000
vn -1.000000 0.000000 0.000000
vn -0.707107 0.000000 -0.707107
vn -0.900466 -0.434927 0.000000
vn -0.636727 -0.434922 0.636727
vn -0.707107 0.000000 0.707107
vn -1.000000 0.000000 0.000000
vn -0.636727 -0.434922 0.636727
vn 0.000000 -0.434927 0.900466
vn 0.000000 0.000000 1.000000
vn -0.707107 0.000000 0.707107
vn 0.000000 -0.434927 0.900466
vn 0.636727 -0.434922 0.636727
vn 0.707107 0.000000 0.707107
vn 0.000000 0.000000 1.000000
vn 0.636727 -0.434922 0.636727
vn 0.900466 -0.434927 0.000000
vn 1.000000 0.000000 0.000000
vn 0.707107 0.000000 0.707107
vn 0.900466 -0.434927 0.000000
vn 0.636727 -0.434922 -0.636727
vn 0.707107 0.000000 -0.707107
vn 1.000000 0.000000 0.000000
vn 0.707107 0.000000 -0.707107
vn 0.000000 0.000000 -1.000000
vn 0.000000 0.434927 -0.900466
vn 0.636727 0.434922 -0.636727
vn 0.000000 0.000000 -1.000000
vn -0.707107 0.000000 -0.707107
vn -0.636727 0.434922 -0.636727
vn 0.000000 0.434927 -0.900466
vn -0.707107 0.000000 -0.707107
vn -1.000000 0.000000 0.000000
vn -0.900466 0.434927 0.000000
vn -0.636727 0.434922 -0.636727
vn -1.000000 0.000000 0.000000
vn -0.707107 0.000000 0.707107
vn -0.636727 0.434922 0.636727
vn -0.900466 0.434927 0.000000
vn -0.707107 0.000000 0.707107
vn 0.000000 0.000000 1.000000
vn 0.000000 0.434927 0.900466
vn -0.636727 0.434922 0.636727
vn 0.000000 0.000000 1.000000
vn 0.707107 0.000000 0.707107
vn 0.636727 0.434922 0.636727
vn 0.000000 0.434927 0.900466
vn 0.707107 0.000000 0.707107
vn 1.000000 0.000000 0.000000
vn 0.900466 0.434927 0.000000
vn 0.636727 0.434922 0.636727
vn 1.000000 0.000000 0.000000
vn 0.707107 0.000000 -0.707107
vn 0.636727 0.434922 -0.636727
vn 0.900466 0.434927 0.000000
vn 0.636727 0.434922 -0.636727
vn 0.000000 0.434927 -0.900466
vn 0.000000 0.772807 -0.634641
vn 0.448767 0.772798 -0.448767
vn 0.000000 0.434927 -0.900466
vn -0.636727 0.434922 -0.636727
vn -0.448767 0.772798 -0.448767
vn 0.000000 0.772807 -0.634641
vn -0.636727 0.434922 -0.636727
vn -0.900466 0.434927 0.000000
vn -0.634641 0.772807 0.000000
vn -0.448767 0.772798 -0.448767
vn -0.900466 0.434927 0.000000
vn -0.636727 0.434922 0.636727
vn -0.448767 0.772798 0.448767
vn -0.634641 0.772807 0.000000
vn -0.636727 0.434922 0.636727
vn 0.000000 0.434927 0.900466
vn 0.000000 0.772807 0.634641
vn -0.448767 0.772798 0.448767
vn 0.000000 0.434927 0.900466
vn 0.636727 0.434922 0.636727
vn 0.448767 0.772798 0.448767
vn 0.000000 0.772807 0.634641
vn 0.636727 0.434922 0.636727
vn 0.900466 0.434927 0.000000
vn 0.634641 0.772807 0.000000
vn 0.448767 0.772798 0.448767
vn 0.900466 0.434927 0.000000
vn 0.636727 0.434922 -0.636727
vn 0.448767 0.772798 -0.448767
vn 0.634641 0.772807 0.000000
vn 0.000000 -0.772807 -0.634641
vn 0.448767 -0.772798 -0.448767
vn 0.000000 -1.000000 0.000000
vn -0.448767 -0.772798 -0.448767
vn 0.000000 -0.772807 -0.634641
vn 0.000000 -1.000000 0.000000
vn -0.634641 -0.772807 0.000000
vn -0.448767 -0.772798 -0.448767
vn 0.000000 -1.000000 0.000000
vn -0.448767 -0.772798 0.448767
vn -0.634641 -0.772807 0.000000
vn 0.000000 -1.000000 0.000000
vn 0.000000 -0.772807 0.634641
vn -0.448767 -0.772798 0.448767
vn 0.000000 -1.000000 0.000000
vn 0.448767 -0.772798 0.448767
vn 0.000000 -0.772807 0.634641
vn 0.000000 -1.000000 0.000000
vn 0.634641 -0.772807 0.000000
vn 0.448767 -0.772798 0.448767
vn 0.000000 -1.000000 0.000000
vn 0.448767 -0.772798 -0.448767
vn 0.634641 -0.772807 0.000000
vn 0.000000 -1.000000 0.000000
vn 0.448767 0.772798 -0.448767
vn 0.000000 0.772807 -0.634641
vn 0.000000 1.000000 0.000000
vn 0.000000 0.772807 -0.634641
vn -0.448767 0.772798 -0.448767
vn 0.000000 1.000000 0.000000
vn -0.448767 0.772798 -0.448767
vn -0.634641 0.772807 0.000000
vn 0.000000 1.000000 0.000000
vn -0.634641 0.772807 0.000000
vn -0.448767 0.772798 0.448767
vn 0.000000 1.000000 0.000000
vn -0.448767 0.772798 0.448767
vn 0.000000 0.772807 0.634641
vn 0.000000 1.000000 0.000000
vn 0.000000 0.772807 0.634641
vn 0.448767 0.772798 0.448767
vn 0.000000 1.000000 0.000000
vn 0.448767 0.772798 0.448767
vn 0.634641 0.772807 0.000000
vn 0.000000 1.000000 0.000000
vn 0.634641 0.772807 0.000000
vn 0.448767 0.772798 -0.448767
vn 0.000000 1.000000 0.000000
s off
g Cross1 Cross:CrossPearl21
f 43/65/177 44/66/178 45/67/179 46/68/180
f 44/69/181 47/70/182 48/71/183 45/72/184
f 47/70/185 49/73/186 50/74/187 48/71/188
f 49/73/189 51/75/190 52/76/191 50/74/192
f 51/75/193 53/77/194 54/78/195 52/76/196
f 53/79/197 55/80/198 56/81/199 54/82/200
f 55/80/201 57/83/202 58/84/203 56/81/204
f 57/83/205 43/65/206 46/68/207 58/84/208
f 46/68/209 45/67/210 59/85/211 60/86/212
f 45/72/213 48/71/214 61/87/215 59/88/216
f 48/71/217 50/74/218 62/89/219 61/87/220
f 50/74/221 52/76/222 63/90/223 62/89/224
f 52/76/225 54/78/226 64/91/227 63/90/228
f 54/82/229 56/81/230 65/92/231 64/93/232
f 56/81/233 58/84/234 66/94/235 65/92/236
f 58/84/237 46/68/238 60/86/239 66/94/240
f 60/95/241 59/96/242 67/97/243 68/98/244
f 59/99/245 61/100/246 69/101/247 67/102/248
f 61/100/249 62/103/250 70/104/251 69/101/252
f 62/103/253 63/105/254 71/106/255 70/104/256
f 63/105/257 64/107/258 72/108/259 71/106/260
f 64/109/261 65/110/262 73/111/263 72/112/264
f 65/110/265 66/113/266 74/114/267 73/111/268
f 66/113/269 60/95/270 68/98/271 74/114/272
f 68/98/273 67/97/274 75/115/275 76/116/276
f 67/102/277 69/101/278 77/117/279 75/118/280
f 69/101/281 70/104/282 78/119/283 77/117/284
f 70/104/285 71/106/286 79/120/287 78/119/288
f 71/106/289 72/108/290 80/121/291 79/120/292
f 72/112/293 73/111/294 81/122/295 80/123/296
f 73/111/297 74/114/298 82/124/299 81/122/300
f 74/114/301 68/98/302 76/116/303 82/124/304
f 44/66/305 43/65/306 83/125/307
f 47/70/308 44/69/309 83/126/310
f 49/73/311 47/70/312 83/126/313
f 51/75/314 49/73/315 83/126/316
f 53/77/317 51/75/318 83/126/319
f 55/80/320 53/79/321 83/125/322
f 57/83/323 55/80/324 83/125/325
f 43/65/326 57/83/327 83/125/328
f 76/116/329 75/115/330 84/127/331
f 75/118/332 77/117/333 84/128/334
f 77/117/335 78/119/336 84/128/337
f 78/119/338 79/120/339 84/128/340
f 79/120/341 80/121/342 84/128/343
f 80/123/344 81/122/345 84/127/346
f 81/122/347 82/124/348 84/127/349
f 82/124/350 76/116/351 84/127/352
g default
v 1.991220 -0.621050 -15.574806
v 1.737603 -0.621050 -15.679862
v 1.737603 -0.358487 -15.942426
v 2.176881 -0.358487 -15.760470
v 1.483987 -0.621050 -15.574806
v 1.298326 -0.358487 -15.760470
v 1.378934 -0.621050 -15.321194
v 1.116371 -0.358487 -15.321194
v 1.483987 -0.621050 -15.067578
v 1.298326 -0.358487 -14.881918
v 1.737603 -0.621050 -14.962524
v 1.737603 -0.358487 -14.699960
v 1.991220 -0.621050 -15.067578
v 2.176881 -0.358487 -14.881918
v 2.096272 -0.621050 -15.321194
v 2.358835 -0.358487 -15.321194
v 1.737603 0.000181 -16.038532
v 2.244837 0.000181 -15.828428
v 1.230370 0.000181 -15.828428
v 1.020268 0.000181 -15.321194
v 1.230370 0.000181 -14.813958
v 1.737603 0.000181 -14.603856
v 2.244837 0.000181 -14.813958
v 2.454939 0.000181 -15.321194
v 1.737603 0.358849 -15.942426
v 2.176881 0.358849 -15.760470
v 1.298326 0.358849 -15.760470
v 1.116371 0.358849 -15.321194
v 1.298326 0.358849 -14.881918
v 1.737603 0.358849 -14.699960
v 2.176881 0.358849 -14.881918
v 2.358835 0.358849 -15.321194
v 1.737603 0.621411 -15.679862
v 1.991220 0.621411 -15.574806
v 1.483987 0.621411 -15.574806
v 1.378934 0.621411 -15.321194
v 1.483987 0.621411 -15.067578
v 1.737603 0.621411 -14.962524
v 1.991220 0.621411 -15.067578
v 2.096272 0.621411 -15.321194
v 1.737603 -0.717154 -15.321194
v 1.737603 0.717515 -15.321194
vt 0.270387 0.266490
vt 0.258299 0.257153
vt 0.270067 0.236752
vt 0.288353 0.256042
vt 0.311546 0.424978
vt 0.299458 0.434315
vt 0.281492 0.423866
vt 0.299782 0.404578
vt 0.294950 0.448398
vt 0.274480 0.448397
vt 0.299456 0.462480
vt 0.281489 0.472928
vt 0.311544 0.471817
vt 0.299777 0.492218
vt 0.258299 0.303993
vt 0.270387 0.294657
vt 0.288353 0.305105
vt 0.270067 0.324395
vt 0.274894 0.280574
vt 0.295363 0.280574
vt 0.286272 0.221280
vt 0.307075 0.246954
vt 0.262773 0.414776
vt 0.283578 0.389104
vt 0.253889 0.448396
vt 0.262767 0.482017
vt 0.283573 0.507690
vt 0.307075 0.314193
vt 0.286272 0.339867
vt 0.315955 0.280574
vt 0.361290 0.732620
vt 0.382096 0.706947
vt 0.398300 0.722421
vt 0.380011 0.741709
vt 0.550720 0.393818
vt 0.571525 0.419491
vt 0.552803 0.428580
vt 0.534516 0.409291
vt 0.580405 0.453111
vt 0.559813 0.453111
vt 0.571525 0.486730
vt 0.552803 0.477642
vt 0.550722 0.512404
vt 0.534516 0.496932
vt 0.382096 0.825534
vt 0.361289 0.799861
vt 0.380011 0.790772
vt 0.398299 0.810060
vt 0.352409 0.766241
vt 0.373001 0.766241
vt 0.410065 0.742821
vt 0.397977 0.752158
vt 0.534837 0.439028
vt 0.522749 0.429691
vt 0.539344 0.453111
vt 0.534837 0.467194
vt 0.522749 0.476531
vt 0.397976 0.780324
vt 0.410065 0.789660
vt 0.393469 0.766241
vt 0.253889 0.280574
vt 0.315956 0.448398
vt 0.414475 0.766241
vt 0.518338 0.453111
vn 0.281087 -0.678602 -0.678594
vn 0.281087 -0.678602 -0.678594
vn 0.281087 -0.678602 -0.678594
vn 0.281087 -0.678602 -0.678594
vn 0.000000 -0.772807 -0.634641
vn -0.448767 -0.772798 -0.448767
vn -0.636727 -0.434922 -0.636727
vn 0.000000 -0.434927 -0.900466
vn -0.448767 -0.772798 -0.448767
vn -0.634641 -0.772807 0.000000
vn -0.900466 -0.434927 0.000000
vn -0.636727 -0.434922 -0.636727
vn -0.634641 -0.772807 0.000000
vn -0.448767 -0.772798 0.448767
vn -0.636727 -0.434922 0.636727
vn -0.900466 -0.434927 0.000000
vn -0.448767 -0.772798 0.448767
vn 0.000000 -0.772807 0.634641
vn 0.000000 -0.434927 0.900466
vn -0.636727 -0.434922 0.636727
vn 0.000000 -0.772807 0.634641
vn 0.448767 -0.772798 0.448767
vn 0.636727 -0.434922 0.636727
vn 0.000000 -0.434927 0.900466
vn 0.448767 -0.772798 0.448767
vn 0.634641 -0.772807 0.000000
vn 0.900466 -0.434927 0.000000
vn 0.636727 -0.434922 0.636727
vn 0.634641 -0.772807 0.000000
vn 0.448767 -0.772798 -0.448767
vn 0.636727 -0.434922 -0.636727
vn 0.900466 -0.434927 0.000000
vn 0.636727 -0.434922 -0.636727
vn 0.000000 -0.434927 -0.900466
vn 0.000000 0.000000 -1.000000
vn 0.707107 0.000000 -0.707107
vn 0.000000 -0.434927 -0.900466
vn -0.636727 -0.434922 -0.636727
vn -0.707107 0.000000 -0.707107
vn 0.000000 0.000000 -1.000000
vn -0.636727 -0.434922 -0.636727
vn -0.900466 -0.434927 0.000000
vn -1.000000 0.000000 0.000000
vn -0.707107 0.000000 -0.707107
vn -0.900466 -0.434927 0.000000
vn -0.636727 -0.434922 0.636727
vn -0.707107 0.000000 0.707107
vn -1.000000 0.000000 0.000000
vn -0.636727 -0.434922 0.636727
vn 0.000000 -0.434927 0.900466
vn 0.000000 0.000000 1.000000
vn -0.707107 0.000000 0.707107
vn 0.000000 -0.434927 0.900466
vn 0.636727 -0.434922 0.636727
vn 0.707107 0.000000 0.707107
vn 0.000000 0.000000 1.000000
vn 0.636727 -0.434922 0.636727
vn 0.900466 -0.434927 0.000000
vn 1.000000 0.000000 0.000000
vn 0.707107 0.000000 0.707107
vn 0.900466 -0.434927 0.000000
vn 0.636727 -0.434922 -0.636727
vn 0.707107 0.000000 -0.707107
vn 1.000000 0.000000 0.000000
vn 0.707107 0.000000 -0.707107
vn 0.000000 0.000000 -1.000000
vn 0.000000 0.434927 -0.900466
vn 0.636727 0.434922 -0.636727
vn 0.000000 0.000000 -1.000000
vn -0.707107 0.000000 -0.707107
vn -0.636727 0.434922 -0.636727
vn 0.000000 0.434927 -0.900466
vn -0.707107 0.000000 -0.707107
vn -1.000000 0.000000 0.000000
vn -0.900466 0.434927 0.000000
vn -0.636727 0.434922 -0.636727
vn -1.000000 0.000000 0.000000
vn -0.707107 0.000000 0.707107
vn -0.636727 0.434922 0.636727
vn -0.900466 0.434927 0.000000
vn -0.707107 0.000000 0.707107
vn 0.000000 0.000000 1.000000
vn 0.000000 0.434927 0.900466
vn -0.636727 0.434922 0.636727
vn 0.000000 0.000000 1.000000
vn 0.707107 0.000000 0.707107
vn 0.636727 0.434922 0.636727
vn 0.000000 0.434927 0.900466
vn 0.707107 0.000000 0.707107
vn 1.000000 0.000000 0.000000
vn 0.900466 0.434927 0.000000
vn 0.636727 0.434922 0.636727
vn 1.000000 0.000000 0.000000
vn 0.707107 0.000000 -0.707107
vn 0.636727 0.434922 -0.636727
vn 0.900466 0.434927 0.000000
vn 0.636727 0.434922 -0.636727
vn 0.000000 0.434927 -0.900466
vn 0.000000 0.772807 -0.634641
vn 0.448767 0.772798 -0.448767
vn 0.000000 0.434927 -0.900466
vn -0.636727 0.434922 -0.636727
vn -0.448767 0.772798 -0.448767
vn 0.000000 0.772807 -0.634641
vn -0.636727 0.434922 -0.636727
vn -0.900466 0.434927 0.000000
vn -0.634641 0.772807 0.000000
vn -0.448767 0.772798 -0.448767
vn -0.900466 0.434927 0.000000
vn -0.636727 0.434922 0.636727
vn -0.448767 0.772798 0.448767
vn -0.634641 0.772807 0.000000
vn -0.636727 0.434922 0.636727
vn 0.000000 0.434927 0.900466
vn 0.000000 0.772807 0.634641
vn -0.448767 0.772798 0.448767
vn 0.000000 0.434927 0.900466
vn 0.636727 0.434922 0.636727
vn 0.448767 0.772798 0.448767
vn 0.000000 0.772807 0.634641
vn 0.636727 0.434922 0.636727
vn 0.900466 0.434927 0.000000
vn 0.634641 0.772807 0.000000
vn 0.448767 0.772798 0.448767
vn 0.900466 0.434927 0.000000
vn 0.636727 0.434922 -0.636727
vn 0.448767 0.772798 -0.448767
vn 0.634641 0.772807 0.000000
vn 0.000000 -0.772807 -0.634641
vn 0.448767 -0.772798 -0.448767
vn 0.000000 -1.000000 0.000000
vn -0.448767 -0.772798 -0.448767
vn 0.000000 -0.772807 -0.634641
vn 0.000000 -1.000000 0.000000
vn -0.634641 -0.772807 0.000000
vn -0.448767 -0.772798 -0.448767
vn 0.000000 -1.000000 0.000000
vn -0.448767 -0.772798 0.448767
vn -0.634641 -0.772807 0.000000
vn 0.000000 -1.000000 0.000000
vn 0.000000 -0.772807 0.634641
vn -0.448767 -0.772798 0.448767
vn 0.000000 -1.000000 0.000000
vn 0.448767 -0.772798 0.448767
vn 0.000000 -0.772807 0.634641
vn 0.000000 -1.000000 0.000000
vn 0.634641 -0.772807 0.000000
vn 0.448767 -0.772798 0.448767
vn 0.000000 -1.000000 0.000000
vn 0.448767 -0.772798 -0.448767
vn 0.634641 -0.772807 0.000000
vn 0.000000 -1.000000 0.000000
vn 0.448767 0.772798 -0.448767
vn 0.000000 0.772807 -0.634641
vn 0.000000 1.000000 0.000000
vn 0.000000 0.772807 -0.634641
vn -0.448767 0.772798 -0.448767
vn 0.000000 1.000000 0.000000
vn -0.448767 0.772798 -0.448767
vn -0.634641 0.772807 0.000000
vn 0.000000 1.000000 0.000000
vn -0.634641 0.772807 0.000000
vn -0.448767 0.772798 0.448767
vn 0.000000 1.000000 0.000000
vn -0.448767 0.772798 0.448767
vn 0.000000 0.772807 0.634641
vn 0.000000 1.000000 0.000000
vn 0.000000 0.772807 0.634641
vn 0.448767 0.772798 0.448767
vn 0.000000 1.000000 0.000000
vn 0.448767 0.772798 0.448767
vn 0.634641 0.772807 0.000000
vn 0.000000 1.000000 0.000000
vn 0.634641 0.772807 0.000000
vn 0.448767 0.772798 -0.448767
vn 0.000000 1.000000 0.000000
s off
g Cross1 Cross:CrossPearl20
f 85/129/353 86/130/354 87/131/355 88/132/356
f 86/133/357 89/134/358 90/135/359 87/136/360
f 89/134/361 91/137/362 92/138/363 90/135/364
f 91/137/365 93/139/366 94/140/367 92/138/368
f 93/139/369 95/141/370 96/142/371 94/140/372
f 95/143/373 97/144/374 98/145/375 96/146/376
f 97/144/377 99/147/378 100/148/379 98/145/380
f 99/147/381 85/129/382 88/132/383 100/148/384
f 88/132/385 87/131/386 101/149/387 102/150/388
f 87/136/389 90/135/390 103/151/391 101/152/392
f 90/135/393 92/138/394 104/153/395 103/151/396
f 92/138/397 94/140/398 105/154/399 104/153/400
f 94/140/401 96/142/402 106/155/403 105/154/404
f 96/146/405 98/145/406 107/156/407 106/157/408
f 98/145/409 100/148/410 108/158/411 107/156/412
f 100/148/413 88/132/414 102/150/415 108/158/416
f 102/159/417 101/160/418 109/161/419 110/162/420
f 101/163/421 103/164/422 111/165/423 109/166/424
f 103/164/425 104/167/426 112/168/427 111/165/428
f 104/167/429 105/169/430 113/170/431 112/168/432
f 105/169/433 106/171/434 114/172/435 113/170/436
f 106/173/437 107/174/438 115/175/439 114/176/440
f 107/174/441 108/177/442 116/178/443 115/175/444
f 108/177/445 102/159/446 110/162/447 116/178/448
f 110/162/449 109/161/450 117/179/451 118/180/452
f 109/166/453 111/165/454 119/181/455 117/182/456
f 111/165/457 112/168/458 120/183/459 119/181/460
f 112/168/461 113/170/462 121/184/463 120/183/464
f 113/170/465 114/172/466 122/185/467 121/184/468
f 114/176/469 115/175/470 123/186/471 122/187/472
f 115/175/473 116/178/474 124/188/475 123/186/476
f 116/178/477 110/162/478 118/180/479 124/188/480
f 86/130/481 85/129/482 125/189/483
f 89/134/484 86/133/485 125/190/486
f 91/137/487 89/134/488 125/190/489
f 93/139/490 91/137/491 125/190/492
f 95/141/493 93/139/494 125/190/495
f 97/144/496 95/143/497 125/189/498
f 99/147/499 97/144/500 125/189/501
f 85/129/502 99/147/503 125/189/504
f 118/180/505 117/179/506 126/191/507
f 117/182/508 119/181/509 126/192/510
f 119/181/511 120/183/512 126/192/513
f 120/183/514 121/184/515 126/192/516
f 121/184/517 122/185/518 126/192/519
f 122/187/520 123/186/521 126/191/522
f 123/186/523 124/188/524 126/191/525
f 124/188/526 118/180/527 126/191/528
g default
v -1.269576 -0.621050 -15.574806
v -1.523194 -0.621050 -15.679862
v -1.523194 -0.358487 -15.942426
v -1.083918 -0.358487 -15.760470
v -1.776809 -0.621050 -15.574806
v -1.962471 -0.358487 -15.760470
v -1.881862 -0.621050 -15.321194
v -2.144425 -0.358487 -15.321194
v -1.776809 -0.621050 -15.067578
v -1.962471 -0.358487 -14.881918
v -1.523194 -0.621050 -14.962524
v -1.523194 -0.358487 -14.699960
v -1.269576 -0.621050 -15.067578
v -1.083918 -0.358487 -14.881918
v -1.164526 -0.621050 -15.321194
v -0.901962 -0.358487 -15.321194
v -1.523194 0.000181 -16.038532
v -1.015960 0.000181 -15.828428
v -2.030428 0.000181 -15.828428
v -2.240531 0.000181 -15.321194
v -2.030428 0.000181 -14.813958
v -1.523194 0.000181 -14.603856
v -1.015960 0.000181 -14.813958
v -0.805859 0.000181 -15.321194
v -1.523194 0.358849 -15.942426
v -1.083918 0.358849 -15.760470
v -1.962471 0.358849 -15.760470
v -2.144425 0.358849 -15.321194
v -1.962471 0.358849 -14.881918
v -1.523194 0.358849 -14.699960
v -1.083918 0.358849 -14.881918
v -0.901962 0.358849 -15.321194
v -1.523194 0.621411 -15.679862
v -1.269576 0.621411 -15.574806
v -1.776809 0.621411 -15.574806
v -1.881862 0.621411 -15.321194
v -1.776809 0.621411 -15.067578
v -1.523194 0.621411 -14.962524
v -1.269576 0.621411 -15.067578
v -1.164526 0.621411 -15.321194
v -1.523194 -0.717154 -15.321194
v -1.523194 0.717515 -15.321194
vt 0.042235 0.652744
vt 0.030149 0.643406
vt 0.041914 0.623006
vt 0.060201 0.642297
vt 0.944152 0.852680
vt 0.932063 0.862017
vt 0.914096 0.851569
vt 0.932386 0.832281
vt 0.927555 0.876101
vt 0.907086 0.876101
vt 0.932062 0.890183
vt 0.914096 0.900632
vt 0.944150 0.899519
vt 0.932385 0.919920
vt 0.030146 0.690246
vt 0.042233 0.680910
vt 0.060199 0.691359
vt 0.041912 0.710648
vt 0.046741 0.666827
vt 0.067210 0.666828
vt 0.058121 0.607534
vt 0.078923 0.633208
vt 0.895376 0.842479
vt 0.916182 0.816807
vt 0.886495 0.876100
vt 0.895374 0.909720
vt 0.916181 0.935394
vt 0.078922 0.700447
vt 0.058116 0.726120
vt 0.087802 0.666828
vt 0.558337 0.042520
vt 0.579155 0.016851
vt 0.595355 0.032328
vt 0.577059 0.051614
vt 0.918875 0.503292
vt 0.939680 0.528965
vt 0.920958 0.538054
vt 0.902671 0.518764
vt 0.948561 0.562585
vt 0.927969 0.562585
vt 0.939681 0.596204
vt 0.920959 0.587115
vt 0.918877 0.621878
vt 0.902672 0.606405
vt 0.579159 0.135430
vt 0.558339 0.109762
vt 0.577060 0.100668
vt 0.595357 0.119952
vt 0.549450 0.076141
vt 0.570044 0.076141
vt 0.607114 0.052728
vt 0.595024 0.062062
vt 0.902992 0.548501
vt 0.890905 0.539165
vt 0.907499 0.562585
vt 0.902993 0.576668
vt 0.890906 0.586004
vt 0.595025 0.090218
vt 0.607115 0.099554
vt 0.590516 0.076141
vt 0.025736 0.666827
vt 0.948560 0.876101
vt 0.611525 0.076141
vt 0.886495 0.562585
vn 0.281087 -0.678601 -0.678594
vn 0.281087 -0.678601 -0.678594
vn 0.281087 -0.678601 -0.678594
vn 0.281087 -0.678601 -0.678594
vn 0.000000 -0.772807 -0.634641
vn -0.448767 -0.772798 -0.448767
vn -0.636727 -0.434922 -0.636727
vn 0.000000 -0.434927 -0.900466
vn -0.448767 -0.772798 -0.448767
vn -0.634641 -0.772807 0.000000
vn -0.900466 -0.434927 0.000000
vn -0.636727 -0.434922 -0.636727
vn -0.634641 -0.772807 0.000000
vn -0.448767 -0.772798 0.448767
vn -0.636727 -0.434922 0.636727
vn -0.900466 -0.434927 0.000000
vn -0.448767 -0.772798 0.448767
vn 0.000000 -0.772807 0.634641
vn 0.000000 -0.434927 0.900466
vn -0.636727 -0.434922 0.636727
vn 0.000000 -0.772807 0.634641
vn 0.448767 -0.772798 0.448767
vn 0.636727 -0.434922 0.636727
vn 0.000000 -0.434927 0.900466
vn 0.448767 -0.772798 0.448767
vn 0.634641 -0.772807 0.000000
vn 0.900466 -0.434927 0.000000
vn 0.636727 -0.434922 0.636727
vn 0.634641 -0.772807 0.000000
vn 0.448767 -0.772798 -0.448767
vn 0.636727 -0.434922 -0.636727
vn 0.900466 -0.434927 0.000000
vn 0.636727 -0.434922 -0.636727
vn 0.000000 -0.434927 -0.900466
vn 0.000000 0.000000 -1.000000
vn 0.707107 0.000000 -0.707107
vn 0.000000 -0.434927 -0.900466
vn -0.636727 -0.434922 -0.636727
vn -0.707107 0.000000 -0.707107
vn 0.000000 0.000000 -1.000000
vn -0.636727 -0.434922 -0.636727
vn -0.900466 -0.434927 0.000000
vn -1.000000 0.000000 0.000000
vn -0.707107 0.000000 -0.707107
vn -0.900466 -0.434927 0.000000
vn -0.636727 -0.434922 0.636727
vn -0.707107 0.000000 0.707107
vn -1.000000 0.000000 0.000000
vn -0.636727 -0.434922 0.636727
vn 0.000000 -0.434927 0.900466
vn 0.000000 0.000000 1.000000
vn -0.707107 0.000000 0.707107
vn 0.000000 -0.434927 0.900466
vn 0.636727 -0.434922 0.636727
vn 0.707107 0.000000 0.707107
vn 0.000000 0.000000 1.000000
vn 0.636727 -0.434922 0.636727
vn 0.900466 -0.434927 0.000000
vn 1.000000 0.000000 0.000000
vn 0.707107 0.000000 0.707107
vn 0.900466 -0.434927 0.000000
vn 0.636727 -0.434922 -0.636727
vn 0.707107 0.000000 -0.707107
vn 1.000000 0.000000 0.000000
vn 0.707107 0.000000 -0.707107
vn 0.000000 0.000000 -1.000000
vn 0.000000 0.434927 -0.900466
vn 0.636727 0.434922 -0.636727
vn 0.000000 0.000000 -1.000000
vn -0.707107 0.000000 -0.707107
vn -0.636727 0.434922 -0.636727
vn 0.000000 0.434927 -0.900466
vn -0.707107 0.000000 -0.707107
vn -1.000000 0.000000 0.000000
vn -0.900466 0.434927 0.000000
vn -0.636727 0.434922 -0.636727
vn -1.000000 0.000000 0.000000
vn -0.707107 0.000000 0.707107
vn -0.636727 0.434922 0.636727
vn -0.900466 0.434927 0.000000
vn -0.707107 0.000000 0.707107
vn 0.000000 0.000000 1.000000
vn 0.000000 0.434927 0.900466
vn -0.636727 0.434922 0.636727
vn 0.000000 0.000000 1.000000
vn 0.707107 0.000000 0.707107
vn 0.636727 0.434922 0.636727
vn 0.000000 0.434927 0.900466
vn 0.707107 0.000000 0.707107
vn 1.000000 0.000000 0.000000
vn 0.900466 0.434927 0.000000
vn 0.636727 0.434922 0.636727
vn 1.000000 0.000000 0.000000
vn 0.707107 0.000000 -0.707107
vn 0.636727 0.434922 -0.636727
vn 0.900466 0.434927 0.000000
vn 0.636727 0.434922 -0.636727
vn 0.000000 0.434927 -0.900466
vn 0.000000 0.772807 -0.634641
vn 0.448767 0.772798 -0.448767
vn 0.000000 0.434927 -0.900466
vn -0.636727 0.434922 -0.636727
vn -0.448767 0.772798 -0.448767
vn 0.000000 0.772807 -0.634641
vn -0.636727 0.434922 -0.636727
vn -0.900466 0.434927 0.000000
vn -0.634641 0.772807 0.000000
vn -0.448767 0.772798 -0.448767
vn -0.900466 0.434927 0.000000
vn -0.636727 0.434922 0.636727
vn -0.448767 0.772798 0.448767
vn -0.634641 0.772807 0.000000
vn -0.636727 0.434922 0.636727
vn 0.000000 0.434927 0.900466
vn 0.000000 0.772807 0.634641
vn -0.448767 0.772798 0.448767
vn 0.000000 0.434927 0.900466
vn 0.636727 0.434922 0.636727
vn 0.448767 0.772798 0.448767
vn 0.000000 0.772807 0.634641
vn 0.636727 0.434922 0.636727
vn 0.900466 0.434927 0.000000
vn 0.634641 0.772807 0.000000
vn 0.448767 0.772798 0.448767
vn 0.900466 0.434927 0.000000
vn 0.636727 0.434922 -0.636727
vn 0.448767 0.772798 -0.448767
vn 0.634641 0.772807 0.000000
vn 0.000000 -0.772807 -0.634641
vn 0.448767 -0.772798 -0.448767
vn 0.000000 -1.000000 0.000000
vn -0.448767 -0.772798 -0.448767
vn 0.000000 -0.772807 -0.634641
vn 0.000000 -1.000000 0.000000
vn -0.634641 -0.772807 0.000000
vn -0.448767 -0.772798 -0.448767
vn 0.000000 -1.000000 0.000000
vn -0.448767 -0.772798 0.448767
vn -0.634641 -0.772807 0.000000
vn 0.000000 -1.000000 0.000000
vn 0.000000 -0.772807 0.634641
vn -0.448767 -0.772798 0.448767
vn 0.000000 -1.000000 0.000000
vn 0.448767 -0.772798 0.448767
vn 0.000000 -0.772807 0.634641
vn 0.000000 -1.000000 0.000000
vn 0.634641 -0.772807 0.000000
vn 0.448767 -0.772798 0.448767
vn 0.000000 -1.000000 0.000000
vn 0.448767 -0.772798 -0.448767
vn 0.634641 -0.772807 0.000000
vn 0.000000 -1.000000 0.000000
vn 0.448767 0.772798 -0.448767
vn 0.000000 0.772807 -0.634641
vn 0.000000 1.000000 0.000000
vn 0.000000 0.772807 -0.634641
vn -0.448767 0.772798 -0.448767
vn 0.000000 1.000000 0.000000
vn -0.448767 0.772798 -0.448767
vn -0.634641 0.772807 0.000000
vn 0.000000 1.000000 0.000000
vn -0.634641 0.772807 0.000000
vn -0.448767 0.772798 0.448767
vn 0.000000 1.000000 0.000000
vn -0.448767 0.772798 0.448767
vn 0.000000 0.772807 0.634641
vn 0.000000 1.000000 0.000000
vn 0.000000 0.772807 0.634641
vn 0.448767 0.772798 0.448767
vn 0.000000 1.000000 0.000000
vn 0.448767 0.772798 0.448767
vn 0.634641 0.772807 0.000000
vn 0.000000 1.000000 0.000000
vn 0.634641 0.772807 0.000000
vn 0.448767 0.772798 -0.448767
vn 0.000000 1.000000 0.000000
s off
g Cross1 Cross:CrossPearl19
f 127/193/529 128/194/530 129/195/531 130/196/532
f 128/197/533 131/198/534 132/199/535 129/200/536
f 131/198/537 133/201/538 134/202/539 132/199/540
f 133/201/541 135/203/542 136/204/543 134/202/544
f 135/203/545 137/205/546 138/206/547 136/204/548
f 137/207/549 139/208/550 140/209/551 138/210/552
f 139/208/553 141/211/554 142/212/555 140/209/556
f 141/211/557 127/193/558 130/196/559 142/212/560
f 130/196/561 129/195/562 143/213/563 144/214/564
f 129/200/565 132/199/566 145/215/567 143/216/568
f 132/199/569 134/202/570 146/217/571 145/215/572
f 134/202/573 136/204/574 147/218/575 146/217/576
f 136/204/577 138/206/578 148/219/579 147/218/580
f 138/210/581 140/209/582 149/220/583 148/221/584
f 140/209/585 142/212/586 150/222/587 149/220/588
f 142/212/589 130/196/590 144/214/591 150/222/592
f 144/223/593 143/224/594 151/225/595 152/226/596
f 143/227/597 145/228/598 153/229/599 151/230/600
f 145/228/601 146/231/602 154/232/603 153/229/604
f 146/231/605 147/233/606 155/234/607 154/232/608
f 147/233/609 148/235/610 156/236/611 155/234/612
f 148/237/613 149/238/614 157/239/615 156/240/616
f 149/238/617 150/241/618 158/242/619 157/239/620
f 150/241/621 144/223/622 152/226/623 158/242/624
f 152/226/625 151/225/626 159/243/627 160/244/628
f 151/230/629 153/229/630 161/245/631 159/246/632
f 153/229/633 154/232/634 162/247/635 161/245/636
f 154/232/637 155/234/638 163/248/639 162/247/640
f 155/234/641 156/236/642 164/249/643 163/248/644
f 156/240/645 157/239/646 165/250/647 164/251/648
f 157/239/649 158/242/650 166/252/651 165/250/652
f 158/242/653 152/226/654 160/244/655 166/252/656
f 128/194/657 127/193/658 167/253/659
f 131/198/660 128/197/661 167/254/662
f 133/201/663 131/198/664 167/254/665
f 135/203/666 133/201/667 167/254/668
f 137/205/669 135/203/670 167/254/671
f 139/208/672 137/207/673 167/253/674
f 141/211/675 139/208/676 167/253/677
f 127/193/678 141/211/679 167/253/680
f 160/244/681 159/243/682 168/255/683
f 159/246/684 161/245/685 168/256/686
f 161/245/687 162/247/688 168/256/689
f 162/247/690 163/248/691 168/256/692
f 163/248/693 164/249/694 168/256/695
f 164/251/696 165/250/697 168/255/698
f 165/250/699 166/252/700 168/255/701
f 166/252/702 160/244/703 168/255/704
g default
v 0.253691 -0.621050 -5.060079
v 0.000074 -0.621050 -5.165134
v 0.000074 -0.358487 -5.427693
v 0.439351 -0.358487 -5.245739
v -0.253543 -0.621050 -5.060079
v -0.439203 -0.358487 -5.245739
v -0.358595 -0.621050 -4.806465
v -0.621156 -0.358487 -4.806465
v -0.253543 -0.621050 -4.552847
v -0.439203 -0.358487 -4.367187
v 0.000074 -0.621050 -4.447794
v 0.000074 -0.358487 -4.185234
v 0.253691 -0.621050 -4.552847
v 0.439351 -0.358487 -4.367188
v 0.358740 -0.621050 -4.806465
v 0.621305 -0.358487 -4.806465
v 0.000074 0.000181 -5.523800
v 0.507306 0.000181 -5.313697
v -0.507162 0.000181 -5.313697
v -0.717262 0.000181 -4.806465
v -0.507162 0.000181 -4.299230
v 0.000074 0.000181 -4.089128
v 0.507306 0.000181 -4.299230
v 0.717409 0.000181 -4.806465
v 0.000074 0.358849 -5.427693
v 0.439351 0.358849 -5.245739
v -0.439203 0.358849 -5.245739
v -0.621156 0.358849 -4.806465
v -0.439203 0.358849 -4.367187
v 0.000074 0.358849 -4.185234
v 0.439351 0.358849 -4.367188
v 0.621305 0.358849 -4.806465
v 0.000074 0.621411 -5.165134
v 0.253691 0.621411 -5.060079
v -0.253543 0.621411 -5.060079
v -0.358595 0.621411 -4.806465
v -0.253543 0.621411 -4.552847
v 0.000074 0.621411 -4.447794
v 0.253691 0.621411 -4.552847
v 0.358740 0.621411 -4.806465
v 0.000074 -0.717154 -4.806465
v 0.000074 0.717515 -4.806465
vt 0.317054 0.822138
vt 0.304966 0.812802
vt 0.316733 0.792401
vt 0.335020 0.811690
vt 0.612292 0.519578
vt 0.600204 0.528915
vt 0.582237 0.518467
vt 0.600525 0.499177
vt 0.595697 0.542998
vt 0.575227 0.542998
vt 0.600204 0.557081
vt 0.582237 0.567530
vt 0.612292 0.566417
vt 0.600526 0.586818
vt 0.304967 0.859641
vt 0.317055 0.850305
vt 0.335021 0.860753
vt 0.316733 0.880042
vt 0.321561 0.836222
vt 0.342031 0.836222
vt 0.332937 0.776929
vt 0.353741 0.802601
vt 0.563516 0.509378
vt 0.584322 0.483705
vt 0.554636 0.542998
vt 0.563516 0.576618
vt 0.584322 0.602291
vt 0.353743 0.869842
vt 0.332939 0.895515
vt 0.362623 0.836221
vt 0.926703 0.181505
vt 0.947673 0.155967
vt 0.963777 0.171543
vt 0.945366 0.190714
vt 0.956338 0.586660
vt 0.976631 0.612739
vt 0.957733 0.621456
vt 0.939830 0.601809
vt 0.984845 0.646528
vt 0.964257 0.646121
vt 0.975302 0.679966
vt 0.956764 0.670509
vt 0.953994 0.705223
vt 0.938099 0.689433
vt 0.946912 0.274550
vt 0.926270 0.248745
vt 0.945050 0.239776
vt 0.963214 0.259182
vt 0.917606 0.215068
vt 0.938197 0.215200
vt 0.975411 0.192019
vt 0.963264 0.201278
vt 0.939564 0.631547
vt 0.927664 0.621972
vt 0.943792 0.645716
vt 0.939008 0.659708
vt 0.926739 0.668802
vt 0.963082 0.229443
vt 0.975110 0.238857
vt 0.958666 0.215332
vt 0.300557 0.836222
vt 0.616702 0.542997
vt 0.979671 0.215467
vt 0.922792 0.645301
vn 0.281088 -0.678595 -0.678600
vn 0.281088 -0.678595 -0.678600
vn 0.281088 -0.678595 -0.678600
vn 0.281088 -0.678595 -0.678600
vn 0.000000 -0.772807 -0.634641
vn -0.448767 -0.772798 -0.448767
vn -0.636727 -0.434922 -0.636727
vn 0.000000 -0.434927 -0.900466
vn -0.448767 -0.772798 -0.448767
vn -0.634641 -0.772807 0.000000
vn -0.900466 -0.434927 0.000000
vn -0.636727 -0.434922 -0.636727
vn -0.634641 -0.772807 0.000000
vn -0.448767 -0.772798 0.448767
vn -0.636727 -0.434922 0.636727
vn -0.900466 -0.434927 0.000000
vn -0.448767 -0.772798 0.448767
vn 0.000000 -0.772807 0.634641
vn 0.000000 -0.434927 0.900466
vn -0.636727 -0.434922 0.636727
vn 0.000000 -0.772807 0.634641
vn 0.448767 -0.772798 0.448767
vn 0.636727 -0.434922 0.636727
vn 0.000000 -0.434927 0.900466
vn 0.448767 -0.772798 0.448767
vn 0.634641 -0.772807 0.000000
vn 0.900466 -0.434927 0.000000
vn 0.636727 -0.434922 0.636727
vn 0.634641 -0.772807 0.000000
vn 0.448767 -0.772798 -0.448767
vn 0.636727 -0.434922 -0.636727
vn 0.900466 -0.434927 0.000000
vn 0.636727 -0.434922 -0.636727
vn 0.000000 -0.434927 -0.900466
vn 0.000000 0.000000 -1.000000
vn 0.707107 0.000000 -0.707107
vn 0.000000 -0.434927 -0.900466
vn -0.636727 -0.434922 -0.636727
vn -0.707107 0.000000 -0.707107
vn 0.000000 0.000000 -1.000000
vn -0.636727 -0.434922 -0.636727
vn -0.900466 -0.434927 0.000000
vn -1.000000 0.000000 0.000000
vn -0.707107 0.000000 -0.707107
vn -0.900466 -0.434927 0.000000
vn -0.636727 -0.434922 0.636727
vn -0.707107 0.000000 0.707107
vn -1.000000 0.000000 0.000000
vn -0.636727 -0.434922 0.636727
vn 0.000000 -0.434927 0.900466
vn 0.000000 0.000000 1.000000
vn -0.707107 0.000000 0.707107
vn 0.000000 -0.434927 0.900466
vn 0.636727 -0.434922 0.636727
vn 0.707107 0.000000 0.707107
vn 0.000000 0.000000 1.000000
vn 0.636727 -0.434922 0.636727
vn 0.900466 -0.434927 0.000000
vn 1.000000 0.000000 0.000000
vn 0.707107 0.000000 0.707107
vn 0.900466 -0.434927 0.000000
vn 0.636727 -0.434922 -0.636727
vn 0.707107 0.000000 -0.707107
vn 1.000000 0.000000 0.000000
vn 0.707107 0.000000 -0.707107
vn 0.000000 0.000000 -1.000000
vn 0.000000 0.434927 -0.900466
vn 0.636727 0.434922 -0.636727
vn 0.000000 0.000000 -1.000000
vn -0.707107 0.000000 -0.707107
vn -0.636727 0.434922 -0.636727
vn 0.000000 0.434927 -0.900466
vn -0.707107 0.000000 -0.707107
vn -1.000000 0.000000 0.000000
vn -0.900466 0.434927 0.000000
vn -0.636727 0.434922 -0.636727
vn -1.000000 0.000000 0.000000
vn -0.707107 0.000000 0.707107
vn -0.636727 0.434922 0.636727
vn -0.900466 0.434927 0.000000
vn -0.707107 0.000000 0.707107
vn 0.000000 0.000000 1.000000
vn 0.000000 0.434927 0.900466
vn -0.636727 0.434922 0.636727
vn 0.000000 0.000000 1.000000
vn 0.707107 0.000000 0.707107
vn 0.636727 0.434922 0.636727
vn 0.000000 0.434927 0.900466
vn 0.707107 0.000000 0.707107
vn 1.000000 0.000000 0.000000
vn 0.900466 0.434927 0.000000
vn 0.636727 0.434922 0.636727
vn 1.000000 0.000000 0.000000
vn 0.707107 0.000000 -0.707107
vn 0.636727 0.434922 -0.636727
vn 0.900466 0.434927 0.000000
vn 0.636727 0.434922 -0.636727
vn 0.000000 0.434927 -0.900466
vn 0.000000 0.772807 -0.634641
vn 0.448767 0.772798 -0.448767
vn 0.000000 0.434927 -0.900466
vn -0.636727 0.434922 -0.636727
vn -0.448767 0.772798 -0.448767
vn 0.000000 0.772807 -0.634641
vn -0.636727 0.434922 -0.636727
vn -0.900466 0.434927 0.000000
vn -0.634641 0.772807 0.000000
vn -0.448767 0.772798 -0.448767
vn -0.900466 0.434927 0.000000
vn -0.636727 0.434922 0.636727
vn -0.448767 0.772798 0.448767
vn -0.634641 0.772807 0.000000
vn -0.636727 0.434922 0.636727
vn 0.000000 0.434927 0.900466
vn 0.000000 0.772807 0.634641
vn -0.448767 0.772798 0.448767
vn 0.000000 0.434927 0.900466
vn 0.636727 0.434922 0.636727
vn 0.448767 0.772798 0.448767
vn 0.000000 0.772807 0.634641
vn 0.636727 0.434922 0.636727
vn 0.900466 0.434927 0.000000
vn 0.634641 0.772807 0.000000
vn 0.448767 0.772798 0.448767
vn 0.900466 0.434927 0.000000
vn 0.636727 0.434922 -0.636727
vn 0.448767 0.772798 -0.448767
vn 0.634641 0.772807 0.000000
vn 0.000000 -0.772807 -0.634641
vn 0.448767 -0.772798 -0.448767
vn 0.000000 -1.000000 0.000000
vn -0.448767 -0.772798 -0.448767
vn 0.000000 -0.772807 -0.634641
vn 0.000000 -1.000000 0.000000
vn -0.634641 -0.772807 0.000000
vn -0.448767 -0.772798 -0.448767
vn 0.000000 -1.000000 0.000000
vn -0.448767 -0.772798 0.448767
vn -0.634641 -0.772807 0.000000
vn 0.000000 -1.000000 0.000000
vn 0.000000 -0.772807 0.634641
vn -0.448767 -0.772798 0.448767
vn 0.000000 -1.000000 0.000000
vn 0.448767 -0.772798 0.448767
vn 0.000000 -0.772807 0.634641
vn 0.000000 -1.000000 0.000000
vn 0.634641 -0.772807 0.000000
vn 0.448767 -0.772798 0.448767
vn 0.000000 -1.000000 0.000000
vn 0.448767 -0.772798 -0.448767
vn 0.634641 -0.772807 0.000000
vn 0.000000 -1.000000 0.000000
vn 0.448767 0.772798 -0.448767
vn 0.000000 0.772807 -0.634641
vn 0.000000 1.000000 0.000000
vn 0.000000 0.772807 -0.634641
vn -0.448767 0.772798 -0.448767
vn 0.000000 1.000000 0.000000
vn -0.448767 0.772798 -0.448767
vn -0.634641 0.772807 0.000000
vn 0.000000 1.000000 0.000000
vn -0.634641 0.772807 0.000000
vn -0.448767 0.772798 0.448767
vn 0.000000 1.000000 0.000000
vn -0.448767 0.772798 0.448767
vn 0.000000 0.772807 0.634641
vn 0.000000 1.000000 0.000000
vn 0.000000 0.772807 0.634641
vn 0.448767 0.772798 0.448767
vn 0.000000 1.000000 0.000000
vn 0.448767 0.772798 0.448767
vn 0.634641 0.772807 0.000000
vn 0.000000 1.000000 0.000000
vn 0.634641 0.772807 0.000000
vn 0.448767 0.772798 -0.448767
vn 0.000000 1.000000 0.000000
s off
g Cross1 Cross:CrossPearl18
f 169/257/705 170/258/706 171/259/707 172/260/708
f 170/261/709 173/262/710 174/263/711 171/264/712
f 173/262/713 175/265/714 176/266/715 174/263/716
f 175/265/717 177/267/718 178/268/719 176/266/720
f 177/267/721 179/269/722 180/270/723 178/268/724
f 179/271/725 181/272/726 182/273/727 180/274/728
f 181/272/729 183/275/730 184/276/731 182/273/732
f 183/275/733 169/257/734 172/260/735 184/276/736
f 172/260/737 171/259/738 185/277/739 186/278/740
f 171/264/741 174/263/742 187/279/743 185/280/744
f 174/263/745 176/266/746 188/281/747 187/279/748
f 176/266/749 178/268/750 189/282/751 188/281/752
f 178/268/753 180/270/754 190/283/755 189/282/756
f 180/274/757 182/273/758 191/284/759 190/285/760
f 182/273/761 184/276/762 192/286/763 191/284/764
f 184/276/765 172/260/766 186/278/767 192/286/768
f 186/287/769 185/288/770 193/289/771 194/290/772
f 185/291/773 187/292/774 195/293/775 193/294/776
f 187/292/777 188/295/778 196/296/779 195/293/780
f 188/295/781 189/297/782 197/298/783 196/296/784
f 189/297/785 190/299/786 198/300/787 197/298/788
f 190/301/789 191/302/790 199/303/791 198/304/792
f 191/302/793 192/305/794 200/306/795 199/303/796
f 192/305/797 186/287/798 194/290/799 200/306/800
f 194/290/801 193/289/802 201/307/803 202/308/804
f 193/294/805 195/293/806 203/309/807 201/310/808
f 195/293/809 196/296/810 204/311/811 203/309/812
f 196/296/813 197/298/814 205/312/815 204/311/816
f 197/298/817 198/300/818 206/313/819 205/312/820
f 198/304/821 199/303/822 207/314/823 206/315/824
f 199/303/825 200/306/826 208/316/827 207/314/828
f 200/306/829 194/290/830 202/308/831 208/316/832
f 170/258/833 169/257/834 209/317/835
f 173/262/836 170/261/837 209/318/838
f 175/265/839 173/262/840 209/318/841
f 177/267/842 175/265/843 209/318/844
f 179/269/845 177/267/846 209/318/847
f 181/272/848 179/271/849 209/317/850
f 183/275/851 181/272/852 209/317/853
f 169/257/854 183/275/855 209/317/856
f 202/308/857 201/307/858 210/319/859
f 201/310/860 203/309/861 210/320/862
f 203/309/863 204/311/864 210/320/865
f 204/311/866 205/312/867 210/320/868
f 205/312/869 206/313/870 210/320/871
f 206/315/872 207/314/873 210/319/874
f 207/314/875 208/316/876 210/319/877
f 208/316/878 202/308/879 210/319/880
g default
v 2.345281 -0.621050 -10.826213
v 2.091662 -0.621050 -10.931266
v 2.091662 -0.358487 -11.193830
v 2.530942 -0.358487 -11.011877
v 1.838047 -0.621050 -10.826213
v 1.652388 -0.358487 -11.011877
v 1.732995 -0.621050 -10.572599
v 1.470434 -0.358487 -10.572599
v 1.838047 -0.621050 -10.318981
v 1.652388 -0.358487 -10.133320
v 2.091662 -0.621050 -10.213930
v 2.091662 -0.358487 -9.951368
v 2.345281 -0.621050 -10.318981
v 2.530942 -0.358487 -10.133320
v 2.450333 -0.621050 -10.572599
v 2.712894 -0.358487 -10.572599
v 2.091662 0.000181 -11.289932
v 2.598899 0.000181 -11.079828
v 1.584432 0.000181 -11.079828
v 1.374328 0.000181 -10.572599
v 1.584432 0.000181 -10.065363
v 2.091662 0.000181 -9.855262
v 2.598899 0.000181 -10.065363
v 2.809000 0.000181 -10.572599
v 2.091662 0.358849 -11.193830
v 2.530942 0.358849 -11.011877
v 1.652388 0.358849 -11.011877
v 1.470434 0.358849 -10.572599
v 1.652388 0.358849 -10.133320
v 2.091662 0.358849 -9.951368
v 2.530942 0.358849 -10.133320
v 2.712894 0.358849 -10.572599
v 2.091662 0.621411 -10.931266
v 2.345281 0.621411 -10.826213
v 1.838047 0.621411 -10.826213
v 1.732995 0.621411 -10.572599
v 1.838047 0.621411 -10.318981
v 2.091662 0.621411 -10.213930
v 2.345281 0.621411 -10.318981
v 2.450333 0.621411 -10.572599
v 2.091662 -0.717154 -10.572599
v 2.091662 0.717515 -10.572599
vt 0.565948 0.704030
vt 0.553861 0.694694
vt 0.565628 0.674293
vt 0.583915 0.693583
vt 0.301176 0.762378
vt 0.289087 0.771715
vt 0.271122 0.761267
vt 0.289410 0.741978
vt 0.284579 0.785798
vt 0.264110 0.785798
vt 0.289085 0.799881
vt 0.271120 0.810330
vt 0.301173 0.809218
vt 0.289407 0.829619
vt 0.553861 0.741533
vt 0.565948 0.732197
vt 0.583914 0.742645
vt 0.565627 0.761934
vt 0.570456 0.718114
vt 0.590925 0.718114
vt 0.581833 0.658821
vt 0.602637 0.684494
vt 0.252400 0.752177
vt 0.273206 0.726505
vt 0.243518 0.785797
vt 0.252398 0.819418
vt 0.273202 0.845091
vt 0.602637 0.751733
vt 0.581832 0.777407
vt 0.611517 0.718114
vt 0.262776 0.042518
vt 0.283596 0.016850
vt 0.299794 0.032328
vt 0.281498 0.051612
vt 0.519601 0.185731
vt 0.540413 0.211402
vt 0.521692 0.220493
vt 0.503399 0.201206
vt 0.549297 0.245021
vt 0.528705 0.245022
vt 0.540414 0.278642
vt 0.521692 0.269551
vt 0.519603 0.304313
vt 0.503401 0.288838
vt 0.283594 0.135429
vt 0.262776 0.109760
vt 0.281496 0.100667
vt 0.299793 0.119951
vt 0.253889 0.076139
vt 0.274483 0.076139
vt 0.311554 0.052727
vt 0.299463 0.062061
vt 0.503726 0.230942
vt 0.491637 0.221606
vt 0.508233 0.245022
vt 0.503727 0.259103
vt 0.491637 0.268439
vt 0.299462 0.090217
vt 0.311552 0.099553
vt 0.294955 0.076139
vt 0.549450 0.718114
vt 0.305584 0.785798
vt 0.315963 0.076140
vt 0.487227 0.245023
vn 0.281083 -0.678602 -0.678596
vn 0.281083 -0.678602 -0.678596
vn 0.281083 -0.678602 -0.678596
vn 0.281083 -0.678602 -0.678596
vn 0.000000 -0.772807 -0.634641
vn -0.448767 -0.772798 -0.448767
vn -0.636727 -0.434922 -0.636727
vn 0.000000 -0.434927 -0.900466
vn -0.448767 -0.772798 -0.448767
vn -0.634641 -0.772807 0.000000
vn -0.900466 -0.434927 0.000000
vn -0.636727 -0.434922 -0.636727
vn -0.634641 -0.772807 0.000000
vn -0.448767 -0.772798 0.448767
vn -0.636727 -0.434922 0.636727
vn -0.900466 -0.434927 0.000000
vn -0.448767 -0.772798 0.448767
vn 0.000000 -0.772807 0.634641
vn 0.000000 -0.434927 0.900466
vn -0.636727 -0.434922 0.636727
vn 0.000000 -0.772807 0.634641
vn 0.448767 -0.772798 0.448767
vn 0.636727 -0.434922 0.636727
vn 0.000000 -0.434927 0.900466
vn 0.448767 -0.772798 0.448767
vn 0.634641 -0.772807 0.000000
vn 0.900466 -0.434927 0.000000
vn 0.636727 -0.434922 0.636727
vn 0.634641 -0.772807 0.000000
vn 0.448767 -0.772798 -0.448767
vn 0.636727 -0.434922 -0.636727
vn 0.900466 -0.434927 0.000000
vn 0.636727 -0.434922 -0.636727
vn 0.000000 -0.434927 -0.900466
vn 0.000000 0.000000 -1.000000
vn 0.707107 0.000000 -0.707107
vn 0.000000 -0.434927 -0.900466
vn -0.636727 -0.434922 -0.636727
vn -0.707107 0.000000 -0.707107
vn 0.000000 0.000000 -1.000000
vn -0.636727 -0.434922 -0.636727
vn -0.900466 -0.434927 0.000000
vn -1.000000 0.000000 0.000000
vn -0.707107 0.000000 -0.707107
vn -0.900466 -0.434927 0.000000
vn -0.636727 -0.434922 0.636727
vn -0.707107 0.000000 0.707107
vn -1.000000 0.000000 0.000000
vn -0.636727 -0.434922 0.636727
vn 0.000000 -0.434927 0.900466
vn 0.000000 0.000000 1.000000
vn -0.707107 0.000000 0.707107
vn 0.000000 -0.434927 0.900466
vn 0.636727 -0.434922 0.636727
vn 0.707107 0.000000 0.707107
vn 0.000000 0.000000 1.000000
vn 0.636727 -0.434922 0.636727
vn 0.900466 -0.434927 0.000000
vn 1.000000 0.000000 0.000000
vn 0.707107 0.000000 0.707107
vn 0.900466 -0.434927 0.000000
vn 0.636727 -0.434922 -0.636727
vn 0.707107 0.000000 -0.707107
vn 1.000000 0.000000 0.000000
vn 0.707107 0.000000 -0.707107
vn 0.000000 0.000000 -1.000000
vn 0.000000 0.434927 -0.900466
vn 0.636727 0.434922 -0.636727
vn 0.000000 0.000000 -1.000000
vn -0.707107 0.000000 -0.707107
vn -0.636727 0.434922 -0.636727
vn 0.000000 0.434927 -0.900466
vn -0.707107 0.000000 -0.707107
vn -1.000000 0.000000 0.000000
vn -0.900466 0.434927 0.000000
vn -0.636727 0.434922 -0.636727
vn -1.000000 0.000000 0.000000
vn -0.707107 0.000000 0.707107
vn -0.636727 0.434922 0.636727
vn -0.900466 0.434927 0.000000
vn -0.707107 0.000000 0.707107
vn 0.000000 0.000000 1.000000
vn 0.000000 0.434927 0.900466
vn -0.636727 0.434922 0.636727
vn 0.000000 0.000000 1.000000
vn 0.707107 0.000000 0.707107
vn 0.636727 0.434922 0.636727
vn 0.000000 0.434927 0.900466
vn 0.707107 0.000000 0.707107
vn 1.000000 0.000000 0.000000
vn 0.900466 0.434927 0.000000
vn 0.636727 0.434922 0.636727
vn 1.000000 0.000000 0.000000
vn 0.707107 0.000000 -0.707107
vn 0.636727 0.434922 -0.636727
vn 0.900466 0.434927 0.000000
vn 0.636727 0.434922 -0.636727
vn 0.000000 0.434927 -0.900466
vn 0.000000 0.772807 -0.634641
vn 0.448767 0.772798 -0.448767
vn 0.000000 0.434927 -0.900466
vn -0.636727 0.434922 -0.636727
vn -0.448767 0.772798 -0.448767
vn 0.000000 0.772807 -0.634641
vn -0.636727 0.434922 -0.636727
vn -0.900466 0.434927 0.000000
vn -0.634641 0.772807 0.000000
vn -0.448767 0.772798 -0.448767
vn -0.900466 0.434927 0.000000
vn -0.636727 0.434922 0.636727
vn -0.448767 0.772798 0.448767
vn -0.634641 0.772807 0.000000
vn -0.636727 0.434922 0.636727
vn 0.000000 0.434927 0.900466
vn 0.000000 0.772807 0.634641
vn -0.448767 0.772798 0.448767
vn 0.000000 0.434927 0.900466
vn 0.636727 0.434922 0.636727
vn 0.448767 0.772798 0.448767
vn 0.000000 0.772807 0.634641
vn 0.636727 0.434922 0.636727
vn 0.900466 0.434927 0.000000
vn 0.634641 0.772807 0.000000
vn 0.448767 0.772798 0.448767
vn 0.900466 0.434927 0.000000
vn 0.636727 0.434922 -0.636727
vn 0.448767 0.772798 -0.448767
vn 0.634641 0.772807 0.000000
vn 0.000000 -0.772807 -0.634641
vn 0.448767 -0.772798 -0.448767
vn 0.000000 -1.000000 0.000000
vn -0.448767 -0.772798 -0.448767
vn 0.000000 -0.772807 -0.634641
vn 0.000000 -1.000000 0.000000
vn -0.634641 -0.772807 0.000000
vn -0.448767 -0.772798 -0.448767
vn 0.000000 -1.000000 0.000000
vn -0.448767 -0.772798 0.448767
vn -0.634641 -0.772807 0.000000
vn 0.000000 -1.000000 0.000000
vn 0.000000 -0.772807 0.634641
vn -0.448767 -0.772798 0.448767
vn 0.000000 -1.000000 0.000000
vn 0.448767 -0.772798 0.448767
vn 0.000000 -0.772807 0.634641
vn 0.000000 -1.000000 0.000000
vn 0.634641 -0.772807 0.000000
vn 0.448767 -0.772798 0.448767
vn 0.000000 -1.000000 0.000000
vn 0.448767 -0.772798 -0.448767
vn 0.634641 -0.772807 0.000000
vn 0.000000 -1.000000 0.000000
vn 0.448767 0.772798 -0.448767
vn 0.000000 0.772807 -0.634641
vn 0.000000 1.000000 0.000000
vn 0.000000 0.772807 -0.634641
vn -0.448767 0.772798 -0.448767
vn 0.000000 1.000000 0.000000
vn -0.448767 0.772798 -0.448767
vn -0.634641 0.772807 0.000000
vn 0.000000 1.000000 0.000000
vn -0.634641 0.772807 0.000000
vn -0.448767 0.772798 0.448767
vn 0.000000 1.000000 0.000000
vn -0.448767 0.772798 0.448767
vn 0.000000 0.772807 0.634641
vn 0.000000 1.000000 0.000000
vn 0.000000 0.772807 0.634641
vn 0.448767 0.772798 0.448767
vn 0.000000 1.000000 0.000000
vn 0.448767 0.772798 0.448767
vn 0.634641 0.772807 0.000000
vn 0.000000 1.000000 0.000000
vn 0.634641 0.772807 0.000000
vn 0.448767 0.772798 -0.448767
vn 0.000000 1.000000 0.000000
s off
g Cross1 Cross:CrossPearl17
f 211/321/881 212/322/882 213/323/883 214/324/884
f 212/325/885 215/326/886 216/327/887 213/328/888
f 215/326/889 217/329/890 218/330/891 216/327/892
f 217/329/893 219/331/894 220/332/895 218/330/896
f 219/331/897 221/333/898 222/334/899 220/332/900
f 221/335/901 223/336/902 224/337/903 222/338/904
f 223/336/905 225/339/906 226/340/907 224/337/908
f 225/339/909 211/321/910 214/324/911 226/340/912
f 214/324/913 213/323/914 227/341/915 228/342/916
f 213/328/917 216/327/918 229/343/919 227/344/920
f 216/327/921 218/330/922 230/345/923 229/343/924
f 218/330/925 220/332/926 231/346/927 230/345/928
f 220/332/929 222/334/930 232/347/931 231/346/932
f 222/338/933 224/337/934 233/348/935 232/349/936
f 224/337/937 226/340/938 234/350/939 233/348/940
f 226/340/941 214/324/942 228/342/943 234/350/944
f 228/351/945 227/352/946 235/353/947 236/354/948
f 227/355/949 229/356/950 237/357/951 235/358/952
f 229/356/953 230/359/954 238/360/955 237/357/956
f 230/359/957 231/361/958 239/362/959 238/360/960
f 231/361/961 232/363/962 240/364/963 239/362/964
f 232/365/965 233/366/966 241/367/967 240/368/968
f 233/366/969 234/369/970 242/370/971 241/367/972
f 234/369/973 228/351/974 236/354/975 242/370/976
f 236/354/977 235/353/978 243/371/979 244/372/980
f 235/358/981 237/357/982 245/373/983 243/374/984
f 237/357/985 238/360/986 246/375/987 245/373/988
f 238/360/989 239/362/990 247/376/991 246/375/992
f 239/362/993 240/364/994 248/377/995 247/376/996
f 240/368/997 241/367/998 249/378/999 248/379/1000
f 241/367/1001 242/370/1002 250/380/1003 249/378/1004
f 242/370/1005 236/354/1006 244/372/1007 250/380/1008
f 212/322/1009 211/321/1010 251/381/1011
f 215/326/1012 212/325/1013 251/382/1014
f 217/329/1015 215/326/1016 251/382/1017
f 219/331/1018 217/329/1019 251/382/1020
f 221/333/1021 219/331/1022 251/382/1023
f 223/336/1024 221/335/1025 251/381/1026
f 225/339/1027 223/336/1028 251/381/1029
f 211/321/1030 225/339/1031 251/381/1032
f 244/372/1033 243/371/1034 252/383/1035
f 243/374/1036 245/373/1037 252/384/1038
f 245/373/1039 246/375/1040 252/384/1041
f 246/375/1042 247/376/1043 252/384/1044
f 247/376/1045 248/377/1046 252/384/1047
f 248/379/1048 249/378/1049 252/383/1050
f 249/378/1051 250/380/1052 252/383/1053
f 250/380/1054 244/372/1055 252/383/1056
g default
v 2.345281 -0.621050 -9.562781
v 2.091662 -0.621050 -9.667831
v 2.091662 -0.358487 -9.930396
v 2.530942 -0.358487 -9.748441
v 1.838047 -0.621050 -9.562781
v 1.652388 -0.358487 -9.748441
v 1.732995 -0.621050 -9.309165
v 1.470434 -0.358487 -9.309165
v 1.838047 -0.621050 -9.055545
v 1.652388 -0.358487 -8.869887
v 2.091662 -0.621050 -8.950496
v 2.091662 -0.358487 -8.687933
v 2.345281 -0.621050 -9.055545
v 2.530942 -0.358487 -8.869887
v 2.450333 -0.621050 -9.309165
v 2.712894 -0.358487 -9.309165
v 2.091662 0.000181 -10.026499
v 2.598899 0.000181 -9.816396
v 1.584432 0.000181 -9.816396
v 1.374328 0.000181 -9.309165
v 1.584432 0.000181 -8.801931
v 2.091662 0.000181 -8.591828
v 2.598899 0.000181 -8.801932
v 2.809000 0.000181 -9.309165
v 2.091662 0.358849 -9.930396
v 2.530942 0.358849 -9.748441
v 1.652388 0.358849 -9.748441
v 1.470434 0.358849 -9.309165
v 1.652388 0.358849 -8.869887
v 2.091662 0.358849 -8.687933
v 2.530942 0.358849 -8.869887
v 2.712894 0.358849 -9.309165
v 2.091662 0.621411 -9.667831
v 2.345281 0.621411 -9.562781
v 1.838047 0.621411 -9.562781
v 1.732995 0.621411 -9.309165
v 1.838047 0.621411 -9.055545
v 2.091662 0.621411 -8.950496
v 2.345281 0.621411 -9.055545
v 2.450333 0.621411 -9.309165
v 2.091662 -0.717154 -9.309165
v 2.091662 0.717515 -9.309165
vt 0.088902 0.327491
vt 0.076814 0.318154
vt 0.088579 0.297753
vt 0.106868 0.317043
vt 0.306357 0.542145
vt 0.294271 0.551482
vt 0.276303 0.541036
vt 0.294589 0.521745
vt 0.289765 0.565566
vt 0.269295 0.565568
vt 0.294273 0.579649
vt 0.276309 0.590099
vt 0.306362 0.588984
vt 0.294599 0.609386
vt 0.076816 0.364994
vt 0.088903 0.355657
vt 0.106869 0.366105
vt 0.088583 0.385395
vt 0.093409 0.341574
vt 0.113878 0.341574
vt 0.104784 0.282281
vt 0.125589 0.307953
vt 0.257580 0.531949
vt 0.278383 0.506274
vt 0.248704 0.565571
vt 0.257589 0.599190
vt 0.278397 0.624861
vt 0.125592 0.375192
vt 0.104789 0.400867
vt 0.134471 0.341573
vt 0.314622 0.481172
vt 0.335427 0.455499
vt 0.351632 0.470971
vt 0.333344 0.490260
vt 0.109972 0.793973
vt 0.130776 0.819646
vt 0.112054 0.828734
vt 0.093768 0.809445
vt 0.139655 0.853266
vt 0.119063 0.853266
vt 0.130775 0.886886
vt 0.112053 0.877797
vt 0.109970 0.912558
vt 0.093766 0.897085
vt 0.335429 0.574084
vt 0.314624 0.548412
vt 0.333344 0.539323
vt 0.351632 0.558612
vt 0.305742 0.514792
vt 0.326334 0.514792
vt 0.363398 0.491371
vt 0.351310 0.500708
vt 0.094088 0.839181
vt 0.082000 0.829845
vt 0.098594 0.853265
vt 0.094088 0.867348
vt 0.082000 0.876684
vt 0.351311 0.528874
vt 0.363399 0.538211
vt 0.346803 0.514791
vt 0.072404 0.341575
vt 0.310770 0.565564
vt 0.367809 0.514791
vt 0.077589 0.853265
vn 0.281084 -0.678599 -0.678598
vn 0.281084 -0.678599 -0.678598
vn 0.281084 -0.678599 -0.678598
vn 0.281084 -0.678599 -0.678598
vn 0.000000 -0.772807 -0.634641
vn -0.448767 -0.772798 -0.448767
vn -0.636727 -0.434922 -0.636727
vn 0.000000 -0.434927 -0.900466
vn -0.448767 -0.772798 -0.448767
vn -0.634641 -0.772807 0.000000
vn -0.900466 -0.434927 0.000000
vn -0.636727 -0.434922 -0.636727
vn -0.634641 -0.772807 0.000000
vn -0.448767 -0.772798 0.448767
vn -0.636727 -0.434922 0.636727
vn -0.900466 -0.434927 0.000000
vn -0.448767 -0.772798 0.448767
vn 0.000000 -0.772807 0.634641
vn 0.000000 -0.434927 0.900466
vn -0.636727 -0.434922 0.636727
vn 0.000000 -0.772807 0.634641
vn 0.448767 -0.772798 0.448767
vn 0.636727 -0.434922 0.636727
vn 0.000000 -0.434927 0.900466
vn 0.448767 -0.772798 0.448767
vn 0.634641 -0.772807 0.000000
vn 0.900466 -0.434927 0.000000
vn 0.636727 -0.434922 0.636727
vn 0.634641 -0.772807 0.000000
vn 0.448767 -0.772798 -0.448767
vn 0.636727 -0.434922 -0.636727
vn 0.900466 -0.434927 0.000000
vn 0.636727 -0.434922 -0.636727
vn 0.000000 -0.434927 -0.900466
vn 0.000000 0.000000 -1.000000
vn 0.707107 0.000000 -0.707107
vn 0.000000 -0.434927 -0.900466
vn -0.636727 -0.434922 -0.636727
vn -0.707107 0.000000 -0.707107
vn 0.000000 0.000000 -1.000000
vn -0.636727 -0.434922 -0.636727
vn -0.900466 -0.434927 0.000000
vn -1.000000 0.000000 0.000000
vn -0.707107 0.000000 -0.707107
vn -0.900466 -0.434927 0.000000
vn -0.636727 -0.434922 0.636727
vn -0.707107 0.000000 0.707107
vn -1.000000 0.000000 0.000000
vn -0.636727 -0.434922 0.636727
vn 0.000000 -0.434927 0.900466
vn 0.000000 0.000000 1.000000
vn -0.707107 0.000000 0.707107
vn 0.000000 -0.434927 0.900466
vn 0.636727 -0.434922 0.636727
vn 0.707107 0.000000 0.707107
vn 0.000000 0.000000 1.000000
vn 0.636727 -0.434922 0.636727
vn 0.900466 -0.434927 0.000000
vn 1.000000 0.000000 0.000000
vn 0.707107 0.000000 0.707107
vn 0.900466 -0.434927 0.000000
vn 0.636727 -0.434922 -0.636727
vn 0.707107 0.000000 -0.707107
vn 1.000000 0.000000 0.000000
vn 0.707107 0.000000 -0.707107
vn 0.000000 0.000000 -1.000000
vn 0.000000 0.434927 -0.900466
vn 0.636727 0.434922 -0.636727
vn 0.000000 0.000000 -1.000000
vn -0.707107 0.000000 -0.707107
vn -0.636727 0.434922 -0.636727
vn 0.000000 0.434927 -0.900466
vn -0.707107 0.000000 -0.707107
vn -1.000000 0.000000 0.000000
vn -0.900466 0.434927 0.000000
vn -0.636727 0.434922 -0.636727
vn -1.000000 0.000000 0.000000
vn -0.707107 0.000000 0.707107
vn -0.636727 0.434922 0.636727
vn -0.900466 0.434927 0.000000
vn -0.707107 0.000000 0.707107
vn 0.000000 0.000000 1.000000
vn 0.000000 0.434927 0.900466
vn -0.636727 0.434922 0.636727
vn 0.000000 0.000000 1.000000
vn 0.707107 0.000000 0.707107
vn 0.636727 0.434922 0.636727
vn 0.000000 0.434927 0.900466
vn 0.707107 0.000000 0.707107
vn 1.000000 0.000000 0.000000
vn 0.900466 0.434927 0.000000
vn 0.636727 0.434922 0.636727
vn 1.000000 0.000000 0.000000
vn 0.707107 0.000000 -0.707107
vn 0.636727 0.434922 -0.636727
vn 0.900466 0.434927 0.000000
vn 0.636727 0.434922 -0.636727
vn 0.000000 0.434927 -0.900466
vn 0.000000 0.772807 -0.634641
vn 0.448767 0.772798 -0.448767
vn 0.000000 0.434927 -0.900466
vn -0.636727 0.434922 -0.636727
vn -0.448767 0.772798 -0.448767
vn 0.000000 0.772807 -0.634641
vn -0.636727 0.434922 -0.636727
vn -0.900466 0.434927 0.000000
vn -0.634641 0.772807 0.000000
vn -0.448767 0.772798 -0.448767
vn -0.900466 0.434927 0.000000
vn -0.636727 0.434922 0.636727
vn -0.448767 0.772798 0.448767
vn -0.634641 0.772807 0.000000
vn -0.636727 0.434922 0.636727
vn 0.000000 0.434927 0.900466
vn 0.000000 0.772807 0.634641
vn -0.448767 0.772798 0.448767
vn 0.000000 0.434927 0.900466
vn 0.636727 0.434922 0.636727
vn 0.448767 0.772798 0.448767
vn 0.000000 0.772807 0.634641
vn 0.636727 0.434922 0.636727
vn 0.900466 0.434927 0.000000
vn 0.634641 0.772807 0.000000
vn 0.448767 0.772798 0.448767
vn 0.900466 0.434927 0.000000
vn 0.636727 0.434922 -0.636727
vn 0.448767 0.772798 -0.448767
vn 0.634641 0.772807 0.000000
vn 0.000000 -0.772807 -0.634641
vn 0.448767 -0.772798 -0.448767
vn 0.000000 -1.000000 0.000000
vn -0.448767 -0.772798 -0.448767
vn 0.000000 -0.772807 -0.634641
vn 0.000000 -1.000000 0.000000
vn -0.634641 -0.772807 0.000000
vn -0.448767 -0.772798 -0.448767
vn 0.000000 -1.000000 0.000000
vn -0.448767 -0.772798 0.448767
vn -0.634641 -0.772807 0.000000
vn 0.000000 -1.000000 0.000000
vn 0.000000 -0.772807 0.634641
vn -0.448767 -0.772798 0.448767
vn 0.000000 -1.000000 0.000000
vn 0.448767 -0.772798 0.448767
vn 0.000000 -0.772807 0.634641
vn 0.000000 -1.000000 0.000000
vn 0.634641 -0.772807 0.000000
vn 0.448767 -0.772798 0.448767
vn 0.000000 -1.000000 0.000000
vn 0.448767 -0.772798 -0.448767
vn 0.634641 -0.772807 0.000000
vn 0.000000 -1.000000 0.000000
vn 0.448767 0.772798 -0.448767
vn 0.000000 0.772807 -0.634641
vn 0.000000 1.000000 0.000000
vn 0.000000 0.772807 -0.634641
vn -0.448767 0.772798 -0.448767
vn 0.000000 1.000000 0.000000
vn -0.448767 0.772798 -0.448767
vn -0.634641 0.772807 0.000000
vn 0.000000 1.000000 0.000000
vn -0.634641 0.772807 0.000000
vn -0.448767 0.772798 0.448767
vn 0.000000 1.000000 0.000000
vn -0.448767 0.772798 0.448767
vn 0.000000 0.772807 0.634641
vn 0.000000 1.000000 0.000000
vn 0.000000 0.772807 0.634641
vn 0.448767 0.772798 0.448767
vn 0.000000 1.000000 0.000000
vn 0.448767 0.772798 0.448767
vn 0.634641 0.772807 0.000000
vn 0.000000 1.000000 0.000000
vn 0.634641 0.772807 0.000000
vn 0.448767 0.772798 -0.448767
vn 0.000000 1.000000 0.000000
s off
g Cross1 Cross:CrossPearl16
f 253/385/1057 254/386/1058 255/387/1059 256/388/1060
f 254/389/1061 257/390/1062 258/391/1063 255/392/1064
f 257/390/1065 259/393/1066 260/394/1067 258/391/1068
f 259/393/1069 261/395/1070 262/396/1071 260/394/1072
f 261/395/1073 263/397/1074 264/398/1075 262/396/1076
f 263/399/1077 265/400/1078 266/401/1079 264/402/1080
f 265/400/1081 267/403/1082 268/404/1083 266/401/1084
f 267/403/1085 253/385/1086 256/388/1087 268/404/1088
f 256/388/1089 255/387/1090 269/405/1091 270/406/1092
f 255/392/1093 258/391/1094 271/407/1095 269/408/1096
f 258/391/1097 260/394/1098 272/409/1099 271/407/1100
f 260/394/1101 262/396/1102 273/410/1103 272/409/1104
f 262/396/1105 264/398/1106 274/411/1107 273/410/1108
f 264/402/1109 266/401/1110 275/412/1111 274/413/1112
f 266/401/1113 268/404/1114 276/414/1115 275/412/1116
f 268/404/1117 256/388/1118 270/406/1119 276/414/1120
f 270/415/1121 269/416/1122 277/417/1123 278/418/1124
f 269/419/1125 271/420/1126 279/421/1127 277/422/1128
f 271/420/1129 272/423/1130 280/424/1131 279/421/1132
f 272/423/1133 273/425/1134 281/426/1135 280/424/1136
f 273/425/1137 274/427/1138 282/428/1139 281/426/1140
f 274/429/1141 275/430/1142 283/431/1143 282/432/1144
f 275/430/1145 276/433/1146 284/434/1147 283/431/1148
f 276/433/1149 270/415/1150 278/418/1151 284/434/1152
f 278/418/1153 277/417/1154 285/435/1155 286/436/1156
f 277/422/1157 279/421/1158 287/437/1159 285/438/1160
f 279/421/1161 280/424/1162 288/439/1163 287/437/1164
f 280/424/1165 281/426/1166 289/440/1167 288/439/1168
f 281/426/1169 282/428/1170 290/441/1171 289/440/1172
f 282/432/1173 283/431/1174 291/442/1175 290/443/1176
f 283/431/1177 284/434/1178 292/444/1179 291/442/1180
f 284/434/1181 278/418/1182 286/436/1183 292/444/1184
f 254/386/1185 253/385/1186 293/445/1187
f 257/390/1188 254/389/1189 293/446/1190
f 259/393/1191 257/390/1192 293/446/1193
f 261/395/1194 259/393/1195 293/446/1196
f 263/397/1197 261/395/1198 293/446/1199
f 265/400/1200 263/399/1201 293/445/1202
f 267/403/1203 265/400/1204 293/445/1205
f 253/385/1206 267/403/1207 293/445/1208
f 286/436/1209 285/435/1210 294/447/1211
f 285/438/1212 287/437/1213 294/448/1214
f 287/437/1215 288/439/1216 294/448/1217
f 288/439/1218 289/440/1219 294/448/1220
f 289/440/1221 290/441/1222 294/448/1223
f 290/443/1224 291/442/1225 294/447/1226
f 291/442/1227 292/444/1228 294/447/1229
f 292/444/1230 286/436/1231 294/447/1232
g default
v -1.615097 -0.621050 -11.991052
v -1.868715 -0.621050 -12.096104
v -1.868715 -0.358487 -12.358670
v -1.429438 -0.358487 -12.176710
v -2.122331 -0.621050 -11.991052
v -2.307991 -0.358487 -12.176710
v -2.227382 -0.621050 -11.737436
v -2.489945 -0.358487 -11.737436
v -2.122331 -0.621050 -11.483820
v -2.307991 -0.358487 -11.298156
v -1.868715 -0.621050 -11.378770
v -1.868715 -0.358487 -11.116205
v -1.615097 -0.621050 -11.483820
v -1.429438 -0.358487 -11.298156
v -1.510045 -0.621050 -11.737436
v -1.247483 -0.358487 -11.737436
v -1.868715 0.000181 -12.454774
v -1.361480 0.000181 -12.244670
v -2.375948 0.000181 -12.244670
v -2.586050 0.000181 -11.737436
v -2.375948 0.000181 -11.230205
v -1.868715 0.000181 -11.020102
v -1.361480 0.000181 -11.230205
v -1.151377 0.000181 -11.737436
v -1.868715 0.358849 -12.358670
v -1.429438 0.358849 -12.176710
v -2.307991 0.358849 -12.176710
v -2.489945 0.358849 -11.737436
v -2.307991 0.358849 -11.298156
v -1.868715 0.358849 -11.116205
v -1.429438 0.358849 -11.298156
v -1.247483 0.358849 -11.737436
v -1.868715 0.621411 -12.096104
v -1.615097 0.621411 -11.991052
v -2.122331 0.621411 -11.991052
v -2.227382 0.621411 -11.737436
v -2.122331 0.621411 -11.483820
v -1.868715 0.621411 -11.378770
v -1.615097 0.621411 -11.483820
v -1.510045 0.621411 -11.737436
v -1.868715 -0.717154 -11.737436
v -1.868715 0.717515 -11.737436
vt 0.368909 0.260235
vt 0.356819 0.250899
vt 0.368582 0.230499
vt 0.386874 0.249787
vt 0.508588 0.827249
vt 0.496500 0.836585
vt 0.478533 0.826137
vt 0.496822 0.806848
vt 0.491991 0.850669
vt 0.471521 0.850668
vt 0.496497 0.864752
vt 0.478530 0.875200
vt 0.508584 0.874089
vt 0.496818 0.894489
vt 0.356819 0.297732
vt 0.368908 0.288397
vt 0.386873 0.298846
vt 0.368580 0.318132
vt 0.373416 0.274316
vt 0.393887 0.274317
vt 0.384785 0.215025
vt 0.405596 0.240697
vt 0.459812 0.817048
vt 0.480618 0.791375
vt 0.450930 0.850668
vt 0.459809 0.884288
vt 0.480613 0.909962
vt 0.405594 0.307937
vt 0.384782 0.333608
vt 0.414479 0.274317
vt 0.096847 0.042522
vt 0.117664 0.016852
vt 0.133864 0.032330
vt 0.115568 0.051614
vt 0.813900 0.046168
vt 0.839709 0.025520
vt 0.848677 0.044303
vt 0.829270 0.062472
vt 0.873390 0.016860
vt 0.873250 0.037455
vt 0.906949 0.025978
vt 0.897727 0.044636
vt 0.932475 0.046975
vt 0.916884 0.063067
vt 0.117665 0.135431
vt 0.096847 0.109763
vt 0.115568 0.100669
vt 0.133864 0.119953
vt 0.087960 0.076142
vt 0.108554 0.076142
vt 0.145624 0.052728
vt 0.133533 0.062064
vt 0.859004 0.062338
vt 0.849588 0.074366
vt 0.873110 0.057925
vt 0.887156 0.062529
vt 0.896406 0.074684
vt 0.133533 0.090220
vt 0.145624 0.099554
vt 0.129025 0.076142
vt 0.352409 0.274315
vt 0.512996 0.850670
vt 0.150034 0.076142
vt 0.872968 0.078935
vn 0.281088 -0.678600 -0.678596
vn 0.281088 -0.678600 -0.678596
vn 0.281088 -0.678600 -0.678596
vn 0.281088 -0.678600 -0.678596
vn 0.000000 -0.772807 -0.634641
vn -0.448767 -0.772798 -0.448767
vn -0.636727 -0.434922 -0.636727
vn 0.000000 -0.434927 -0.900466
vn -0.448767 -0.772798 -0.448767
vn -0.634641 -0.772807 0.000000
vn -0.900466 -0.434927 0.000000
vn -0.636727 -0.434922 -0.636727
vn -0.634641 -0.772807 0.000000
vn -0.448767 -0.772798 0.448767
vn -0.636727 -0.434922 0.636727
vn -0.900466 -0.434927 0.000000
vn -0.448767 -0.772798 0.448767
vn 0.000000 -0.772807 0.634641
vn 0.000000 -0.434927 0.900466
vn -0.636727 -0.434922 0.636727
vn 0.000000 -0.772807 0.634641
vn 0.448767 -0.772798 0.448767
vn 0.636727 -0.434922 0.636727
vn 0.000000 -0.434927 0.900466
vn 0.448767 -0.772798 0.448767
vn 0.634641 -0.772807 0.000000
vn 0.900466 -0.434927 0.000000
vn 0.636727 -0.434922 0.636727
vn 0.634641 -0.772807 0.000000
vn 0.448767 -0.772798 -0.448767
vn 0.636727 -0.434922 -0.636727
vn 0.900466 -0.434927 0.000000
vn 0.636727 -0.434922 -0.636727
vn 0.000000 -0.434927 -0.900466
vn 0.000000 0.000000 -1.000000
vn 0.707107 0.000000 -0.707107
vn 0.000000 -0.434927 -0.900466
vn -0.636727 -0.434922 -0.636727
vn -0.707107 0.000000 -0.707107
vn 0.000000 0.000000 -1.000000
vn -0.636727 -0.434922 -0.636727
vn -0.900466 -0.434927 0.000000
vn -1.000000 0.000000 0.000000
vn -0.707107 0.000000 -0.707107
vn -0.900466 -0.434927 0.000000
vn -0.636727 -0.434922 0.636727
vn -0.707107 0.000000 0.707107
vn -1.000000 0.000000 0.000000
vn -0.636727 -0.434922 0.636727
vn 0.000000 -0.434927 0.900466
vn 0.000000 0.000000 1.000000
vn -0.707107 0.000000 0.707107
vn 0.000000 -0.434927 0.900466
vn 0.636727 -0.434922 0.636727
vn 0.707107 0.000000 0.707107
vn 0.000000 0.000000 1.000000
vn 0.636727 -0.434922 0.636727
vn 0.900466 -0.434927 0.000000
vn 1.000000 0.000000 0.000000
vn 0.707107 0.000000 0.707107
vn 0.900466 -0.434927 0.000000
vn 0.636727 -0.434922 -0.636727
vn 0.707107 0.000000 -0.707107
vn 1.000000 0.000000 0.000000
vn 0.707107 0.000000 -0.707107
vn 0.000000 0.000000 -1.000000
vn 0.000000 0.434927 -0.900466
vn 0.636727 0.434922 -0.636727
vn 0.000000 0.000000 -1.000000
vn -0.707107 0.000000 -0.707107
vn -0.636727 0.434922 -0.636727
vn 0.000000 0.434927 -0.900466
vn -0.707107 0.000000 -0.707107
vn -1.000000 0.000000 0.000000
vn -0.900466 0.434927 0.000000
vn -0.636727 0.434922 -0.636727
vn -1.000000 0.000000 0.000000
vn -0.707107 0.000000 0.707107
vn -0.636727 0.434922 0.636727
vn -0.900466 0.434927 0.000000
vn -0.707107 0.000000 0.707107
vn 0.000000 0.000000 1.000000
vn 0.000000 0.434927 0.900466
vn -0.636727 0.434922 0.636727
vn 0.000000 0.000000 1.000000
vn 0.707107 0.000000 0.707107
vn 0.636727 0.434922 0.636727
vn 0.000000 0.434927 0.900466
vn 0.707107 0.000000 0.707107
vn 1.000000 0.000000 0.000000
vn 0.900466 0.434927 0.000000
vn 0.636727 0.434922 0.636727
vn 1.000000 0.000000 0.000000
vn 0.707107 0.000000 -0.707107
vn 0.636727 0.434922 -0.636727
vn 0.900466 0.434927 0.000000
vn 0.636727 0.434922 -0.636727
vn 0.000000 0.434927 -0.900466
vn 0.000000 0.772807 -0.634641
vn 0.448767 0.772798 -0.448767
vn 0.000000 0.434927 -0.900466
vn -0.636727 0.434922 -0.636727
vn -0.448767 0.772798 -0.448767
vn 0.000000 0.772807 -0.634641
vn -0.636727 0.434922 -0.636727
vn -0.900466 0.434927 0.000000
vn -0.634641 0.772807 0.000000
vn -0.448767 0.772798 -0.448767
vn -0.900466 0.434927 0.000000
vn -0.636727 0.434922 0.636727
vn -0.448767 0.772798 0.448767
vn -0.634641 0.772807 0.000000
vn -0.636727 0.434922 0.636727
vn 0.000000 0.434927 0.900466
vn 0.000000 0.772807 0.634641
vn -0.448767 0.772798 0.448767
vn 0.000000 0.434927 0.900466
vn 0.636727 0.434922 0.636727
vn 0.448767 0.772798 0.448767
vn 0.000000 0.772807 0.634641
vn 0.636727 0.434922 0.636727
vn 0.900466 0.434927 0.000000
vn 0.634641 0.772807 0.000000
vn 0.448767 0.772798 0.448767
vn 0.900466 0.434927 0.000000
vn 0.636727 0.434922 -0.636727
vn 0.448767 0.772798 -0.448767
vn 0.634641 0.772807 0.000000
vn 0.000000 -0.772807 -0.634641
vn 0.448767 -0.772798 -0.448767
vn 0.000000 -1.000000 0.000000
vn -0.448767 -0.772798 -0.448767
vn 0.000000 -0.772807 -0.634641
vn 0.000000 -1.000000 0.000000
vn -0.634641 -0.772807 0.000000
vn -0.448767 -0.772798 -0.448767
vn 0.000000 -1.000000 0.000000
vn -0.448767 -0.772798 0.448767
vn -0.634641 -0.772807 0.000000
vn 0.000000 -1.000000 0.000000
vn 0.000000 -0.772807 0.634641
vn -0.448767 -0.772798 0.448767
vn 0.000000 -1.000000 0.000000
vn 0.448767 -0.772798 0.448767
vn 0.000000 -0.772807 0.634641
vn 0.000000 -1.000000 0.000000
vn 0.634641 -0.772807 0.000000
vn 0.448767 -0.772798 0.448767
vn 0.000000 -1.000000 0.000000
vn 0.448767 -0.772798 -0.448767
vn 0.634641 -0.772807 0.000000
vn 0.000000 -1.000000 0.000000
vn 0.448767 0.772798 -0.448767
vn 0.000000 0.772807 -0.634641
vn 0.000000 1.000000 0.000000
vn 0.000000 0.772807 -0.634641
vn -0.448767 0.772798 -0.448767
vn 0.000000 1.000000 0.000000
vn -0.448767 0.772798 -0.448767
vn -0.634641 0.772807 0.000000
vn 0.000000 1.000000 0.000000
vn -0.634641 0.772807 0.000000
vn -0.448767 0.772798 0.448767
vn 0.000000 1.000000 0.000000
vn -0.448767 0.772798 0.448767
vn 0.000000 0.772807 0.634641
vn 0.000000 1.000000 0.000000
vn 0.000000 0.772807 0.634641
vn 0.448767 0.772798 0.448767
vn 0.000000 1.000000 0.000000
vn 0.448767 0.772798 0.448767
vn 0.634641 0.772807 0.000000
vn 0.000000 1.000000 0.000000
vn 0.634641 0.772807 0.000000
vn 0.448767 0.772798 -0.448767
vn 0.000000 1.000000 0.000000
s off
g Cross1 Cross:CrossPearl15
f 295/449/1233 296/450/1234 297/451/1235 298/452/1236
f 296/453/1237 299/454/1238 300/455/1239 297/456/1240
f 299/454/1241 301/457/1242 302/458/1243 300/455/1244
f 301/457/1245 303/459/1246 304/460/1247 302/458/1248
f 303/459/1249 305/461/1250 306/462/1251 304/460/1252
f 305/463/1253 307/464/1254 308/465/1255 306/466/1256
f 307/464/1257 309/467/1258 310/468/1259 308/465/1260
f 309/467/1261 295/449/1262 298/452/1263 310/468/1264
f 298/452/1265 297/451/1266 311/469/1267 312/470/1268
f 297/456/1269 300/455/1270 313/471/1271 311/472/1272
f 300/455/1273 302/458/1274 314/473/1275 313/471/1276
f 302/458/1277 304/460/1278 315/474/1279 314/473/1280
f 304/460/1281 306/462/1282 316/475/1283 315/474/1284
f 306/466/1285 308/465/1286 317/476/1287 316/477/1288
f 308/465/1289 310/468/1290 318/478/1291 317/476/1292
f 310/468/1293 298/452/1294 312/470/1295 318/478/1296
f 312/479/1297 311/480/1298 319/481/1299 320/482/1300
f 311/483/1301 313/484/1302 321/485/1303 319/486/1304
f 313/484/1305 314/487/1306 322/488/1307 321/485/1308
f 314/487/1309 315/489/1310 323/490/1311 322/488/1312
f 315/489/1313 316/491/1314 324/492/1315 323/490/1316
f 316/493/1317 317/494/1318 325/495/1319 324/496/1320
f 317/494/1321 318/497/1322 326/498/1323 325/495/1324
f 318/497/1325 312/479/1326 320/482/1327 326/498/1328
f 320/482/1329 319/481/1330 327/499/1331 328/500/1332
f 319/486/1333 321/485/1334 329/501/1335 327/502/1336
f 321/485/1337 322/488/1338 330/503/1339 329/501/1340
f 322/488/1341 323/490/1342 331/504/1343 330/503/1344
f 323/490/1345 324/492/1346 332/505/1347 331/504/1348
f 324/496/1349 325/495/1350 333/506/1351 332/507/1352
f 325/495/1353 326/498/1354 334/508/1355 333/506/1356
f 326/498/1357 320/482/1358 328/500/1359 334/508/1360
f 296/450/1361 295/449/1362 335/509/1363
f 299/454/1364 296/453/1365 335/510/1366
f 301/457/1367 299/454/1368 335/510/1369
f 303/459/1370 301/457/1371 335/510/1372
f 305/461/1373 303/459/1374 335/510/1375
f 307/464/1376 305/463/1377 335/509/1378
f 309/467/1379 307/464/1380 335/509/1381
f 295/449/1382 309/467/1383 335/509/1384
f 328/500/1385 327/499/1386 336/511/1387
f 327/502/1388 329/501/1389 336/512/1390
f 329/501/1391 330/503/1392 336/512/1393
f 330/503/1394 331/504/1395 336/512/1396
f 331/504/1397 332/505/1398 336/512/1399
f 332/507/1400 333/506/1401 336/511/1402
f 333/506/1403 334/508/1404 336/511/1405
f 334/508/1406 328/500/1407 336/511/1408
g default
v -1.575291 -0.621050 -9.562781
v -1.828908 -0.621050 -9.667831
v -1.828908 -0.358487 -9.930396
v -1.389631 -0.358487 -9.748441
v -2.082525 -0.621050 -9.562781
v -2.268184 -0.358487 -9.748441
v -2.187575 -0.621050 -9.309165
v -2.450139 -0.358487 -9.309165
v -2.082525 -0.621050 -9.055545
v -2.268184 -0.358487 -8.869887
v -1.828908 -0.621050 -8.950496
v -1.828908 -0.358487 -8.687933
v -1.575291 -0.621050 -9.055545
v -1.389631 -0.358487 -8.869887
v -1.470239 -0.621050 -9.309165
v -1.207678 -0.358487 -9.309165
v -1.828908 0.000181 -10.026499
v -1.321675 0.000181 -9.816396
v -2.336142 0.000181 -9.816396
v -2.546243 0.000181 -9.309165
v -2.336142 0.000181 -8.801931
v -1.828908 0.000181 -8.591828
v -1.321675 0.000181 -8.801932
v -1.111573 0.000181 -9.309165
v -1.828908 0.358849 -9.930396
v -1.389631 0.358849 -9.748441
v -2.268184 0.358849 -9.748441
v -2.450139 0.358849 -9.309165
v -2.268184 0.358849 -8.869887
v -1.828908 0.358849 -8.687933
v -1.389631 0.358849 -8.869887
v -1.207678 0.358849 -9.309165
v -1.828908 0.621411 -9.667831
v -1.575291 0.621411 -9.562781
v -2.082525 0.621411 -9.562781
v -2.187575 0.621411 -9.309165
v -2.082525 0.621411 -9.055545
v -1.828908 0.621411 -8.950496
v -1.575291 0.621411 -9.055545
v -1.470239 0.621411 -9.309165
v -1.828908 -0.717154 -9.309165
v -1.828908 0.717515 -9.309165
vt 0.384379 0.909280
vt 0.393775 0.897237
vt 0.414118 0.909102
vt 0.394740 0.927296
vt 0.871556 0.566336
vt 0.859468 0.575673
vt 0.841502 0.565225
vt 0.859791 0.545936
vt 0.854962 0.589756
vt 0.834492 0.589756
vt 0.859469 0.603839
vt 0.841503 0.614287
vt 0.871558 0.613175
vt 0.859792 0.633575
vt 0.346935 0.897012
vt 0.356213 0.909145
vt 0.345679 0.927060
vt 0.326477 0.908681
vt 0.370275 0.913719
vt 0.370175 0.934188
vt 0.429511 0.925382
vt 0.403738 0.946062
vt 0.822781 0.556136
vt 0.843587 0.530463
vt 0.813900 0.589756
vt 0.822782 0.623376
vt 0.843589 0.649049
vt 0.336500 0.945738
vt 0.310927 0.924811
vt 0.370076 0.954780
vt 0.895377 0.091246
vt 0.916187 0.065575
vt 0.932390 0.081050
vt 0.914099 0.100337
vt 0.058100 0.016861
vt 0.078923 0.042528
vt 0.060203 0.051623
vt 0.041902 0.032341
vt 0.087812 0.076150
vt 0.067217 0.076149
vt 0.078921 0.109771
vt 0.060201 0.100675
vt 0.058097 0.135438
vt 0.041899 0.119956
vt 0.916190 0.184157
vt 0.895378 0.158486
vt 0.914099 0.149395
vt 0.932391 0.168682
vt 0.886495 0.124866
vt 0.907088 0.124866
vt 0.944153 0.101450
vt 0.932064 0.110785
vt 0.042238 0.062073
vt 0.030146 0.052739
vt 0.046746 0.076149
vt 0.042238 0.090225
vt 0.030145 0.099558
vt 0.932065 0.138947
vt 0.944154 0.148283
vt 0.927558 0.124866
vt 0.370375 0.892714
vt 0.875967 0.589755
vt 0.948565 0.124866
vt 0.025736 0.076149
vn 0.281085 -0.678599 -0.678598
vn 0.281085 -0.678599 -0.678598
vn 0.281085 -0.678599 -0.678598
vn 0.281085 -0.678599 -0.678598
vn 0.000000 -0.772807 -0.634641
vn -0.448767 -0.772798 -0.448767
vn -0.636727 -0.434922 -0.636727
vn 0.000000 -0.434927 -0.900466
vn -0.448767 -0.772798 -0.448767
vn -0.634641 -0.772807 0.000000
vn -0.900466 -0.434927 0.000000
vn -0.636727 -0.434922 -0.636727
vn -0.634641 -0.772807 0.000000
vn -0.448767 -0.772798 0.448767
vn -0.636727 -0.434922 0.636727
vn -0.900466 -0.434927 0.000000
vn -0.448767 -0.772798 0.448767
vn 0.000000 -0.772807 0.634641
vn 0.000000 -0.434927 0.900466
vn -0.636727 -0.434922 0.636727
vn 0.000000 -0.772807 0.634641
vn 0.448767 -0.772798 0.448767
vn 0.636727 -0.434922 0.636727
vn 0.000000 -0.434927 0.900466
vn 0.448767 -0.772798 0.448767
vn 0.634641 -0.772807 0.000000
vn 0.900466 -0.434927 0.000000
vn 0.636727 -0.434922 0.636727
vn 0.634641 -0.772807 0.000000
vn 0.448767 -0.772798 -0.448767
vn 0.636727 -0.434922 -0.636727
vn 0.900466 -0.434927 0.000000
vn 0.636727 -0.434922 -0.636727
vn 0.000000 -0.434927 -0.900466
vn 0.000000 0.000000 -1.000000
vn 0.707107 0.000000 -0.707107
vn 0.000000 -0.434927 -0.900466
vn -0.636727 -0.434922 -0.636727
vn -0.707107 0.000000 -0.707107
vn 0.000000 0.000000 -1.000000
vn -0.636727 -0.434922 -0.636727
vn -0.900466 -0.434927 0.000000
vn -1.000000 0.000000 0.000000
vn -0.707107 0.000000 -0.707107
vn -0.900466 -0.434927 0.000000
vn -0.636727 -0.434922 0.636727
vn -0.707107 0.000000 0.707107
vn -1.000000 0.000000 0.000000
vn -0.636727 -0.434922 0.636727
vn 0.000000 -0.434927 0.900466
vn 0.000000 0.000000 1.000000
vn -0.707107 0.000000 0.707107
vn 0.000000 -0.434927 0.900466
vn 0.636727 -0.434922 0.636727
vn 0.707107 0.000000 0.707107
vn 0.000000 0.000000 1.000000
vn 0.636727 -0.434922 0.636727
vn 0.900466 -0.434927 0.000000
vn 1.000000 0.000000 0.000000
vn 0.707107 0.000000 0.707107
vn 0.900466 -0.434927 0.000000
vn 0.636727 -0.434922 -0.636727
vn 0.707107 0.000000 -0.707107
vn 1.000000 0.000000 0.000000
vn 0.707107 0.000000 -0.707107
vn 0.000000 0.000000 -1.000000
vn 0.000000 0.434927 -0.900466
vn 0.636727 0.434922 -0.636727
vn 0.000000 0.000000 -1.000000
vn -0.707107 0.000000 -0.707107
vn -0.636727 0.434922 -0.636727
vn 0.000000 0.434927 -0.900466
vn -0.707107 0.000000 -0.707107
vn -1.000000 0.000000 0.000000
vn -0.900466 0.434927 0.000000
vn -0.636727 0.434922 -0.636727
vn -1.000000 0.000000 0.000000
vn -0.707107 0.000000 0.707107
vn -0.636727 0.434922 0.636727
vn -0.900466 0.434927 0.000000
vn -0.707107 0.000000 0.707107
vn 0.000000 0.000000 1.000000
vn 0.000000 0.434927 0.900466
vn -0.636727 0.434922 0.636727
vn 0.000000 0.000000 1.000000
vn 0.707107 0.000000 0.707107
vn 0.636727 0.434922 0.636727
vn 0.000000 0.434927 0.900466
vn 0.707107 0.000000 0.707107
vn 1.000000 0.000000 0.000000
vn 0.900466 0.434927 0.000000
vn 0.636727 0.434922 0.636727
vn 1.000000 0.000000 0.000000
vn 0.707107 0.000000 -0.707107
vn 0.636727 0.434922 -0.636727
vn 0.900466 0.434927 0.000000
vn 0.636727 0.434922 -0.636727
vn 0.000000 0.434927 -0.900466
vn 0.000000 0.772807 -0.634641
vn 0.448767 0.772798 -0.448767
vn 0.000000 0.434927 -0.900466
vn -0.636727 0.434922 -0.636727
vn -0.448767 0.772798 -0.448767
vn 0.000000 0.772807 -0.634641
vn -0.636727 0.434922 -0.636727
vn -0.900466 0.434927 0.000000
vn -0.634641 0.772807 0.000000
vn -0.448767 0.772798 -0.448767
vn -0.900466 0.434927 0.000000
vn -0.636727 0.434922 0.636727
vn -0.448767 0.772798 0.448767
vn -0.634641 0.772807 0.000000
vn -0.636727 0.434922 0.636727
vn 0.000000 0.434927 0.900466
vn 0.000000 0.772807 0.634641
vn -0.448767 0.772798 0.448767
vn 0.000000 0.434927 0.900466
vn 0.636727 0.434922 0.636727
vn 0.448767 0.772798 0.448767
vn 0.000000 0.772807 0.634641
vn 0.636727 0.434922 0.636727
vn 0.900466 0.434927 0.000000
vn 0.634641 0.772807 0.000000
vn 0.448767 0.772798 0.448767
vn 0.900466 0.434927 0.000000
vn 0.636727 0.434922 -0.636727
vn 0.448767 0.772798 -0.448767
vn 0.634641 0.772807 0.000000
vn 0.000000 -0.772807 -0.634641
vn 0.448767 -0.772798 -0.448767
vn 0.000000 -1.000000 0.000000
vn -0.448767 -0.772798 -0.448767
vn 0.000000 -0.772807 -0.634641
vn 0.000000 -1.000000 0.000000
vn -0.634641 -0.772807 0.000000
vn -0.448767 -0.772798 -0.448767
vn 0.000000 -1.000000 0.000000
vn -0.448767 -0.772798 0.448767
vn -0.634641 -0.772807 0.000000
vn 0.000000 -1.000000 0.000000
vn 0.000000 -0.772807 0.634641
vn -0.448767 -0.772798 0.448767
vn 0.000000 -1.000000 0.000000
vn 0.448767 -0.772798 0.448767
vn 0.000000 -0.772807 0.634641
vn 0.000000 -1.000000 0.000000
vn 0.634641 -0.772807 0.000000
vn 0.448767 -0.772798 0.448767
vn 0.000000 -1.000000 0.000000
vn 0.448767 -0.772798 -0.448767
vn 0.634641 -0.772807 0.000000
vn 0.000000 -1.000000 0.000000
vn 0.448767 0.772798 -0.448767
vn 0.000000 0.772807 -0.634641
vn 0.000000 1.000000 0.000000
vn 0.000000 0.772807 -0.634641
vn -0.448767 0.772798 -0.448767
vn 0.000000 1.000000 0.000000
vn -0.448767 0.772798 -0.448767
vn -0.634641 0.772807 0.000000
vn 0.000000 1.000000 0.000000
vn -0.634641 0.772807 0.000000
vn -0.448767 0.772798 0.448767
vn 0.000000 1.000000 0.000000
vn -0.448767 0.772798 0.448767
vn 0.000000 0.772807 0.634641
vn 0.000000 1.000000 0.000000
vn 0.000000 0.772807 0.634641
vn 0.448767 0.772798 0.448767
vn 0.000000 1.000000 0.000000
vn 0.448767 0.772798 0.448767
vn 0.634641 0.772807 0.000000
vn 0.000000 1.000000 0.000000
vn 0.634641 0.772807 0.000000
vn 0.448767 0.772798 -0.448767
vn 0.000000 1.000000 0.000000
s off
g Cross1 Cross:CrossPearl14
f 337/513/1409 338/514/1410 339/515/1411 340/516/1412
f 338/517/1413 341/518/1414 342/519/1415 339/520/1416
f 341/518/1417 343/521/1418 344/522/1419 342/519/1420
f 343/521/1421 345/523/1422 346/524/1423 344/522/1424
f 345/523/1425 347/525/1426 348/526/1427 346/524/1428
f 347/527/1429 349/528/1430 350/529/1431 348/530/1432
f 349/528/1433 351/531/1434 352/532/1435 350/529/1436
f 351/531/1437 337/513/1438 340/516/1439 352/532/1440
f 340/516/1441 339/515/1442 353/533/1443 354/534/1444
f 339/520/1445 342/519/1446 355/535/1447 353/536/1448
f 342/519/1449 344/522/1450 356/537/1451 355/535/1452
f 344/522/1453 346/524/1454 357/538/1455 356/537/1456
f 346/524/1457 348/526/1458 358/539/1459 357/538/1460
f 348/530/1461 350/529/1462 359/540/1463 358/541/1464
f 350/529/1465 352/532/1466 360/542/1467 359/540/1468
f 352/532/1469 340/516/1470 354/534/1471 360/542/1472
f 354/543/1473 353/544/1474 361/545/1475 362/546/1476
f 353/547/1477 355/548/1478 363/549/1479 361/550/1480
f 355/548/1481 356/551/1482 364/552/1483 363/549/1484
f 356/551/1485 357/553/1486 365/554/1487 364/552/1488
f 357/553/1489 358/555/1490 366/556/1491 365/554/1492
f 358/557/1493 359/558/1494 367/559/1495 366/560/1496
f 359/558/1497 360/561/1498 368/562/1499 367/559/1500
f 360/561/1501 354/543/1502 362/546/1503 368/562/1504
f 362/546/1505 361/545/1506 369/563/1507 370/564/1508
f 361/550/1509 363/549/1510 371/565/1511 369/566/1512
f 363/549/1513 364/552/1514 372/567/1515 371/565/1516
f 364/552/1517 365/554/1518 373/568/1519 372/567/1520
f 365/554/1521 366/556/1522 374/569/1523 373/568/1524
f 366/560/1525 367/559/1526 375/570/1527 374/571/1528
f 367/559/1529 368/562/1530 376/572/1531 375/570/1532
f 368/562/1533 362/546/1534 370/564/1535 376/572/1536
f 338/514/1537 337/513/1538 377/573/1539
f 341/518/1540 338/517/1541 377/574/1542
f 343/521/1543 341/518/1544 377/574/1545
f 345/523/1546 343/521/1547 377/574/1548
f 347/525/1549 345/523/1550 377/574/1551
f 349/528/1552 347/527/1553 377/573/1554
f 351/531/1555 349/528/1556 377/573/1557
f 337/513/1558 351/531/1559 377/573/1560
f 370/564/1561 369/563/1562 378/575/1563
f 369/566/1564 371/565/1565 378/576/1566
f 371/565/1567 372/567/1568 378/576/1569
f 372/567/1570 373/568/1571 378/576/1572
f 373/568/1573 374/569/1574 378/576/1575
f 374/571/1576 375/570/1577 378/575/1578
f 375/570/1579 376/572/1580 378/575/1581
f 376/572/1582 370/564/1583 378/575/1584
g default
v 1.334820 -0.621050 -16.697733
v 1.081202 -0.621050 -16.802788
v 1.081202 -0.358487 -17.065350
v 1.520479 -0.358487 -16.883396
v 0.827586 -0.621050 -16.697733
v 0.641926 -0.358487 -16.883396
v 0.722535 -0.621050 -16.444120
v 0.459972 -0.358487 -16.444120
v 0.827586 -0.621050 -16.190500
v 0.641926 -0.358487 -16.004843
v 1.081202 -0.621050 -16.085451
v 1.081202 -0.358487 -15.822886
v 1.334820 -0.621050 -16.190500
v 1.520479 -0.358487 -16.004843
v 1.439871 -0.621050 -16.444120
v 1.702435 -0.358487 -16.444120
v 1.081202 0.000181 -17.161453
v 1.588436 0.000181 -16.951353
v 0.573970 0.000181 -16.951353
v 0.363865 0.000181 -16.444120
v 0.573970 0.000181 -15.936884
v 1.081202 0.000181 -15.726784
v 1.588437 0.000181 -15.936884
v 1.798537 0.000181 -16.444120
v 1.081202 0.358849 -17.065350
v 1.520479 0.358849 -16.883396
v 0.641926 0.358849 -16.883396
v 0.459972 0.358849 -16.444120
v 0.641926 0.358849 -16.004843
v 1.081202 0.358849 -15.822886
v 1.520479 0.358849 -16.004843
v 1.702435 0.358849 -16.444120
v 1.081202 0.621411 -16.802788
v 1.334820 0.621411 -16.697733
v 0.827586 0.621411 -16.697733
v 0.722535 0.621411 -16.444120
v 0.827586 0.621411 -16.190500
v 1.081202 0.621411 -16.085451
v 1.334820 0.621411 -16.190500
v 1.439871 0.621411 -16.444120
v 1.081202 -0.717154 -16.444120
v 1.081202 0.717515 -16.444120
vt 0.047419 0.770144
vt 0.035331 0.760807
vt 0.047097 0.740406
vt 0.065384 0.759695
vt 0.596736 0.834108
vt 0.584648 0.843446
vt 0.566682 0.832998
vt 0.584970 0.813709
vt 0.580141 0.857530
vt 0.559672 0.857530
vt 0.584648 0.871612
vt 0.566682 0.882061
vt 0.596736 0.880948
vt 0.584970 0.901349
vt 0.035333 0.807647
vt 0.047421 0.798310
vt 0.065387 0.808758
vt 0.047101 0.828048
vt 0.051925 0.784227
vt 0.072395 0.784226
vt 0.063303 0.724934
vt 0.084106 0.750606
vt 0.547959 0.823910
vt 0.568765 0.798237
vt 0.539080 0.857530
vt 0.547960 0.891150
vt 0.568766 0.916822
vt 0.084109 0.817845
vt 0.063305 0.843520
vt 0.092988 0.784225
vt 0.843522 0.331120
vt 0.864326 0.305447
vt 0.880530 0.320918
vt 0.862243 0.340208
vt 0.218864 0.537128
vt 0.239667 0.562801
vt 0.220945 0.571890
vt 0.202658 0.552600
vt 0.248547 0.596421
vt 0.227955 0.596421
vt 0.239666 0.630041
vt 0.220944 0.620952
vt 0.218861 0.655713
vt 0.202657 0.640241
vt 0.864329 0.424032
vt 0.843523 0.398360
vt 0.862244 0.389271
vt 0.880533 0.408559
vt 0.834641 0.364740
vt 0.855234 0.364740
vt 0.892298 0.341318
vt 0.880210 0.350655
vt 0.202978 0.582337
vt 0.190891 0.573000
vt 0.207485 0.596420
vt 0.202978 0.610503
vt 0.190891 0.619839
vt 0.880209 0.378821
vt 0.892298 0.388157
vt 0.875703 0.364738
vt 0.030921 0.784228
vt 0.601146 0.857529
vt 0.896708 0.364738
vt 0.186480 0.596420
vn 0.281081 -0.678600 -0.678598
vn 0.281081 -0.678600 -0.678598
vn 0.281081 -0.678600 -0.678598
vn 0.281081 -0.678600 -0.678598
vn 0.000000 -0.772807 -0.634641
vn -0.448767 -0.772798 -0.448767
vn -0.636727 -0.434922 -0.636727
vn 0.000000 -0.434927 -0.900466
vn -0.448767 -0.772798 -0.448767
vn -0.634641 -0.772807 0.000000
vn -0.900466 -0.434927 0.000000
vn -0.636727 -0.434922 -0.636727
vn -0.634641 -0.772807 0.000000
vn -0.448767 -0.772798 0.448767
vn -0.636727 -0.434922 0.636727
vn -0.900466 -0.434927 0.000000
vn -0.448767 -0.772798 0.448767
vn 0.000000 -0.772807 0.634641
vn 0.000000 -0.434927 0.900466
vn -0.636727 -0.434922 0.636727
vn 0.000000 -0.772807 0.634641
vn 0.448767 -0.772798 0.448767
vn 0.636727 -0.434922 0.636727
vn 0.000000 -0.434927 0.900466
vn 0.448767 -0.772798 0.448767
vn 0.634641 -0.772807 0.000000
vn 0.900466 -0.434927 0.000000
vn 0.636727 -0.434922 0.636727
vn 0.634641 -0.772807 0.000000
vn 0.448767 -0.772798 -0.448767
vn 0.636727 -0.434922 -0.636727
vn 0.900466 -0.434927 0.000000
vn 0.636727 -0.434922 -0.636727
vn 0.000000 -0.434927 -0.900466
vn 0.000000 0.000000 -1.000000
vn 0.707107 0.000000 -0.707107
vn 0.000000 -0.434927 -0.900466
vn -0.636727 -0.434922 -0.636727
vn -0.707107 0.000000 -0.707107
vn 0.000000 0.000000 -1.000000
vn -0.636727 -0.434922 -0.636727
vn -0.900466 -0.434927 0.000000
vn -1.000000 0.000000 0.000000
vn -0.707107 0.000000 -0.707107
vn -0.900466 -0.434927 0.000000
vn -0.636727 -0.434922 0.636727
vn -0.707107 0.000000 0.707107
vn -1.000000 0.000000 0.000000
vn -0.636727 -0.434922 0.636727
vn 0.000000 -0.434927 0.900466
vn 0.000000 0.000000 1.000000
vn -0.707107 0.000000 0.707107
vn 0.000000 -0.434927 0.900466
vn 0.636727 -0.434922 0.636727
vn 0.707107 0.000000 0.707107
vn 0.000000 0.000000 1.000000
vn 0.636727 -0.434922 0.636727
vn 0.900466 -0.434927 0.000000
vn 1.000000 0.000000 0.000000
vn 0.707107 0.000000 0.707107
vn 0.900466 -0.434927 0.000000
vn 0.636727 -0.434922 -0.636727
vn 0.707107 0.000000 -0.707107
vn 1.000000 0.000000 0.000000
vn 0.707107 0.000000 -0.707107
vn 0.000000 0.000000 -1.000000
vn 0.000000 0.434927 -0.900466
vn 0.636727 0.434922 -0.636727
vn 0.000000 0.000000 -1.000000
vn -0.707107 0.000000 -0.707107
vn -0.636727 0.434922 -0.636727
vn 0.000000 0.434927 -0.900466
vn -0.707107 0.000000 -0.707107
vn -1.000000 0.000000 0.000000
vn -0.900466 0.434927 0.000000
vn -0.636727 0.434922 -0.636727
vn -1.000000 0.000000 0.000000
vn -0.707107 0.000000 0.707107
vn -0.636727 0.434922 0.636727
vn -0.900466 0.434927 0.000000
vn -0.707107 0.000000 0.707107
vn 0.000000 0.000000 1.000000
vn 0.000000 0.434927 0.900466
vn -0.636727 0.434922 0.636727
vn 0.000000 0.000000 1.000000
vn 0.707107 0.000000 0.707107
vn 0.636727 0.434922 0.636727
vn 0.000000 0.434927 0.900466
vn 0.707107 0.000000 0.707107
vn 1.000000 0.000000 0.000000
vn 0.900466 0.434927 0.000000
vn 0.636727 0.434922 0.636727
vn 1.000000 0.000000 0.000000
vn 0.707107 0.000000 -0.707107
vn 0.636727 0.434922 -0.636727
vn 0.900466 0.434927 0.000000
vn 0.636727 0.434922 -0.636727
vn 0.000000 0.434927 -0.900466
vn 0.000000 0.772807 -0.634641
vn 0.448767 0.772798 -0.448767
vn 0.000000 0.434927 -0.900466
vn -0.636727 0.434922 -0.636727
vn -0.448767 0.772798 -0.448767
vn 0.000000 0.772807 -0.634641
vn -0.636727 0.434922 -0.636727
vn -0.900466 0.434927 0.000000
vn -0.634641 0.772807 0.000000
vn -0.448767 0.772798 -0.448767
vn -0.900466 0.434927 0.000000
vn -0.636727 0.434922 0.636727
vn -0.448767 0.772798 0.448767
vn -0.634641 0.772807 0.000000
vn -0.636727 0.434922 0.636727
vn 0.000000 0.434927 0.900466
vn 0.000000 0.772807 0.634641
vn -0.448767 0.772798 0.448767
vn 0.000000 0.434927 0.900466
vn 0.636727 0.434922 0.636727
vn 0.448767 0.772798 0.448767
vn 0.000000 0.772807 0.634641
vn 0.636727 0.434922 0.636727
vn 0.900466 0.434927 0.000000
vn 0.634641 0.772807 0.000000
vn 0.448767 0.772798 0.448767
vn 0.900466 0.434927 0.000000
vn 0.636727 0.434922 -0.636727
vn 0.448767 0.772798 -0.448767
vn 0.634641 0.772807 0.000000
vn 0.000000 -0.772807 -0.634641
vn 0.448767 -0.772798 -0.448767
vn 0.000000 -1.000000 0.000000
vn -0.448767 -0.772798 -0.448767
vn 0.000000 -0.772807 -0.634641
vn 0.000000 -1.000000 0.000000
vn -0.634641 -0.772807 0.000000
vn -0.448767 -0.772798 -0.448767
vn 0.000000 -1.000000 0.000000
vn -0.448767 -0.772798 0.448767
vn -0.634641 -0.772807 0.000000
vn 0.000000 -1.000000 0.000000
vn 0.000000 -0.772807 0.634641
vn -0.448767 -0.772798 0.448767
vn 0.000000 -1.000000 0.000000
vn 0.448767 -0.772798 0.448767
vn 0.000000 -0.772807 0.634641
vn 0.000000 -1.000000 0.000000
vn 0.634641 -0.772807 0.000000
vn 0.448767 -0.772798 0.448767
vn 0.000000 -1.000000 0.000000
vn 0.448767 -0.772798 -0.448767
vn 0.634641 -0.772807 0.000000
vn 0.000000 -1.000000 0.000000
vn 0.448767 0.772798 -0.448767
vn 0.000000 0.772807 -0.634641
vn 0.000000 1.000000 0.000000
vn 0.000000 0.772807 -0.634641
vn -0.448767 0.772798 -0.448767
vn 0.000000 1.000000 0.000000
vn -0.448767 0.772798 -0.448767
vn -0.634641 0.772807 0.000000
vn 0.000000 1.000000 0.000000
vn -0.634641 0.772807 0.000000
vn -0.448767 0.772798 0.448767
vn 0.000000 1.000000 0.000000
vn -0.448767 0.772798 0.448767
vn 0.000000 0.772807 0.634641
vn 0.000000 1.000000 0.000000
vn 0.000000 0.772807 0.634641
vn 0.448767 0.772798 0.448767
vn 0.000000 1.000000 0.000000
vn 0.448767 0.772798 0.448767
vn 0.634641 0.772807 0.000000
vn 0.000000 1.000000 0.000000
vn 0.634641 0.772807 0.000000
vn 0.448767 0.772798 -0.448767
vn 0.000000 1.000000 0.000000
s off
g Cross1 Cross:CrossPearl13
f 379/577/1585 380/578/1586 381/579/1587 382/580/1588
f 380/581/1589 383/582/1590 384/583/1591 381/584/1592
f 383/582/1593 385/585/1594 386/586/1595 384/583/1596
f 385/585/1597 387/587/1598 388/588/1599 386/586/1600
f 387/587/1601 389/589/1602 390/590/1603 388/588/1604
f 389/591/1605 391/592/1606 392/593/1607 390/594/1608
f 391/592/1609 393/595/1610 394/596/1611 392/593/1612
f 393/595/1613 379/577/1614 382/580/1615 394/596/1616
f 382/580/1617 381/579/1618 395/597/1619 396/598/1620
f 381/584/1621 384/583/1622 397/599/1623 395/600/1624
f 384/583/1625 386/586/1626 398/601/1627 397/599/1628
f 386/586/1629 388/588/1630 399/602/1631 398/601/1632
f 388/588/1633 390/590/1634 400/603/1635 399/602/1636
f 390/594/1637 392/593/1638 401/604/1639 400/605/1640
f 392/593/1641 394/596/1642 402/606/1643 401/604/1644
f 394/596/1645 382/580/1646 396/598/1647 402/606/1648
f 396/607/1649 395/608/1650 403/609/1651 404/610/1652
f 395/611/1653 397/612/1654 405/613/1655 403/614/1656
f 397/612/1657 398/615/1658 406/616/1659 405/613/1660
f 398/615/1661 399/617/1662 407/618/1663 406/616/1664
f 399/617/1665 400/619/1666 408/620/1667 407/618/1668
f 400/621/1669 401/622/1670 409/623/1671 408/624/1672
f 401/622/1673 402/625/1674 410/626/1675 409/623/1676
f 402/625/1677 396/607/1678 404/610/1679 410/626/1680
f 404/610/1681 403/609/1682 411/627/1683 412/628/1684
f 403/614/1685 405/613/1686 413/629/1687 411/630/1688
f 405/613/1689 406/616/1690 414/631/1691 413/629/1692
f 406/616/1693 407/618/1694 415/632/1695 414/631/1696
f 407/618/1697 408/620/1698 416/633/1699 415/632/1700
f 408/624/1701 409/623/1702 417/634/1703 416/635/1704
f 409/623/1705 410/626/1706 418/636/1707 417/634/1708
f 410/626/1709 404/610/1710 412/628/1711 418/636/1712
f 380/578/1713 379/577/1714 419/637/1715
f 383/582/1716 380/581/1717 419/638/1718
f 385/585/1719 383/582/1720 419/638/1721
f 387/587/1722 385/585/1723 419/638/1724
f 389/589/1725 387/587/1726 419/638/1727
f 391/592/1728 389/591/1729 419/637/1730
f 393/595/1731 391/592/1732 419/637/1733
f 379/577/1734 393/595/1735 419/637/1736
f 412/628/1737 411/627/1738 420/639/1739
f 411/630/1740 413/629/1741 420/640/1742
f 413/629/1743 414/631/1744 420/640/1745
f 414/631/1746 415/632/1747 420/640/1748
f 415/632/1749 416/633/1750 420/640/1751
f 416/635/1752 417/634/1753 420/639/1754
f 417/634/1755 418/636/1756 420/639/1757
f 418/636/1758 412/628/1759 420/639/1760
g default
v -0.807417 -0.621050 -16.697733
v -1.061033 -0.621050 -16.802788
v -1.061033 -0.358487 -17.065350
v -0.621757 -0.358487 -16.883396
v -1.314651 -0.621050 -16.697733
v -1.500311 -0.358487 -16.883396
v -1.419701 -0.621050 -16.444120
v -1.682266 -0.358487 -16.444120
v -1.314651 -0.621050 -16.190500
v -1.500311 -0.358487 -16.004843
v -1.061033 -0.621050 -16.085451
v -1.061033 -0.358487 -15.822886
v -0.807417 -0.621050 -16.190500
v -0.621757 -0.358487 -16.004843
v -0.702366 -0.621050 -16.444120
v -0.439804 -0.358487 -16.444120
v -1.061033 0.000181 -17.161453
v -0.553802 0.000181 -16.951353
v -1.568268 0.000181 -16.951353
v -1.778371 0.000181 -16.444120
v -1.568268 0.000181 -15.936884
v -1.061033 0.000181 -15.726784
v -0.553802 0.000181 -15.936884
v -0.343698 0.000181 -16.444120
v -1.061033 0.358849 -17.065350
v -0.621757 0.358849 -16.883396
v -1.500311 0.358849 -16.883396
v -1.682266 0.358849 -16.444120
v -1.500311 0.358849 -16.004843
v -1.061033 0.358849 -15.822886
v -0.621757 0.358849 -16.004843
v -0.439804 0.358849 -16.444120
v -1.061033 0.621411 -16.802788
v -0.807417 0.621411 -16.697733
v -1.314651 0.621411 -16.697733
v -1.419701 0.621411 -16.444120
v -1.314651 0.621411 -16.190500
v -1.061033 0.621411 -16.085451
v -0.807417 0.621411 -16.190500
v -0.702366 0.621411 -16.444120
v -1.061033 -0.717154 -16.444120
v -1.061033 0.717515 -16.444120
vt 0.446688 0.591186
vt 0.434600 0.581848
vt 0.446366 0.561448
vt 0.464653 0.580738
vt 0.083393 0.385389
vt 0.071305 0.394726
vt 0.053339 0.384277
vt 0.071628 0.364989
vt 0.066798 0.408809
vt 0.046329 0.408809
vt 0.071304 0.422892
vt 0.053339 0.433341
vt 0.083392 0.432229
vt 0.071625 0.452630
vt 0.434599 0.628688
vt 0.446687 0.619352
vt 0.464653 0.629800
vt 0.446365 0.649089
vt 0.451194 0.605269
vt 0.471663 0.605270
vt 0.462572 0.545976
vt 0.483375 0.571649
vt 0.034617 0.375188
vt 0.055423 0.349516
vt 0.025736 0.408808
vt 0.034617 0.442429
vt 0.055421 0.468102
vt 0.483375 0.638889
vt 0.462570 0.664562
vt 0.492256 0.605270
vt 0.143511 0.870018
vt 0.164318 0.844348
vt 0.180521 0.859821
vt 0.162231 0.879109
vt 0.612944 0.387499
vt 0.633748 0.413172
vt 0.615026 0.422260
vt 0.596739 0.402971
vt 0.642629 0.446792
vt 0.622037 0.446792
vt 0.633749 0.480411
vt 0.615026 0.471323
vt 0.612946 0.506084
vt 0.596740 0.490612
vt 0.164307 0.962933
vt 0.143504 0.937259
vt 0.162226 0.928171
vt 0.180512 0.947462
vt 0.134627 0.903637
vt 0.155219 0.903640
vt 0.192286 0.880222
vt 0.180196 0.889558
vt 0.597061 0.432708
vt 0.584972 0.423371
vt 0.601567 0.446792
vt 0.597061 0.460875
vt 0.584973 0.470211
vt 0.180193 0.917725
vt 0.192280 0.927063
vt 0.175688 0.903641
vt 0.430189 0.605269
vt 0.087803 0.408810
vt 0.196693 0.903644
vt 0.580562 0.446792
vn 0.281082 -0.678601 -0.678597
vn 0.281082 -0.678601 -0.678597
vn 0.281082 -0.678601 -0.678597
vn 0.281082 -0.678601 -0.678597
vn 0.000000 -0.772807 -0.634641
vn -0.448767 -0.772798 -0.448767
vn -0.636727 -0.434922 -0.636727
vn 0.000000 -0.434927 -0.900466
vn -0.448767 -0.772798 -0.448767
vn -0.634641 -0.772807 0.000000
vn -0.900466 -0.434927 0.000000
vn -0.636727 -0.434922 -0.636727
vn -0.634641 -0.772807 0.000000
vn -0.448767 -0.772798 0.448767
vn -0.636727 -0.434922 0.636727
vn -0.900466 -0.434927 0.000000
vn -0.448767 -0.772798 0.448767
vn 0.000000 -0.772807 0.634641
vn 0.000000 -0.434927 0.900466
vn -0.636727 -0.434922 0.636727
vn 0.000000 -0.772807 0.634641
vn 0.448767 -0.772798 0.448767
vn 0.636727 -0.434922 0.636727
vn 0.000000 -0.434927 0.900466
vn 0.448767 -0.772798 0.448767
vn 0.634641 -0.772807 0.000000
vn 0.900466 -0.434927 0.000000
vn 0.636727 -0.434922 0.636727
vn 0.634641 -0.772807 0.000000
vn 0.448767 -0.772798 -0.448767
vn 0.636727 -0.434922 -0.636727
vn 0.900466 -0.434927 0.000000
vn 0.636727 -0.434922 -0.636727
vn 0.000000 -0.434927 -0.900466
vn 0.000000 0.000000 -1.000000
vn 0.707107 0.000000 -0.707107
vn 0.000000 -0.434927 -0.900466
vn -0.636727 -0.434922 -0.636727
vn -0.707107 0.000000 -0.707107
vn 0.000000 0.000000 -1.000000
vn -0.636727 -0.434922 -0.636727
vn -0.900466 -0.434927 0.000000
vn -1.000000 0.000000 0.000000
vn -0.707107 0.000000 -0.707107
vn -0.900466 -0.434927 0.000000
vn -0.636727 -0.434922 0.636727
vn -0.707107 0.000000 0.707107
vn -1.000000 0.000000 0.000000
vn -0.636727 -0.434922 0.636727
vn 0.000000 -0.434927 0.900466
vn 0.000000 0.000000 1.000000
vn -0.707107 0.000000 0.707107
vn 0.000000 -0.434927 0.900466
vn 0.636727 -0.434922 0.636727
vn 0.707107 0.000000 0.707107
vn 0.000000 0.000000 1.000000
vn 0.636727 -0.434922 0.636727
vn 0.900466 -0.434927 0.000000
vn 1.000000 0.000000 0.000000
vn 0.707107 0.000000 0.707107
vn 0.900466 -0.434927 0.000000
vn 0.636727 -0.434922 -0.636727
vn 0.707107 0.000000 -0.707107
vn 1.000000 0.000000 0.000000
vn 0.707107 0.000000 -0.707107
vn 0.000000 0.000000 -1.000000
vn 0.000000 0.434927 -0.900466
vn 0.636727 0.434922 -0.636727
vn 0.000000 0.000000 -1.000000
vn -0.707107 0.000000 -0.707107
vn -0.636727 0.434922 -0.636727
vn 0.000000 0.434927 -0.900466
vn -0.707107 0.000000 -0.707107
vn -1.000000 0.000000 0.000000
vn -0.900466 0.434927 0.000000
vn -0.636727 0.434922 -0.636727
vn -1.000000 0.000000 0.000000
vn -0.707107 0.000000 0.707107
vn -0.636727 0.434922 0.636727
vn -0.900466 0.434927 0.000000
vn -0.707107 0.000000 0.707107
vn 0.000000 0.000000 1.000000
vn 0.000000 0.434927 0.900466
vn -0.636727 0.434922 0.636727
vn 0.000000 0.000000 1.000000
vn 0.707107 0.000000 0.707107
vn 0.636727 0.434922 0.636727
vn 0.000000 0.434927 0.900466
vn 0.707107 0.000000 0.707107
vn 1.000000 0.000000 0.000000
vn 0.900466 0.434927 0.000000
vn 0.636727 0.434922 0.636727
vn 1.000000 0.000000 0.000000
vn 0.707107 0.000000 -0.707107
vn 0.636727 0.434922 -0.636727
vn 0.900466 0.434927 0.000000
vn 0.636727 0.434922 -0.636727
vn 0.000000 0.434927 -0.900466
vn 0.000000 0.772807 -0.634641
vn 0.448767 0.772798 -0.448767
vn 0.000000 0.434927 -0.900466
vn -0.636727 0.434922 -0.636727
vn -0.448767 0.772798 -0.448767
vn 0.000000 0.772807 -0.634641
vn -0.636727 0.434922 -0.636727
vn -0.900466 0.434927 0.000000
vn -0.634641 0.772807 0.000000
vn -0.448767 0.772798 -0.448767
vn -0.900466 0.434927 0.000000
vn -0.636727 0.434922 0.636727
vn -0.448767 0.772798 0.448767
vn -0.634641 0.772807 0.000000
vn -0.636727 0.434922 0.636727
vn 0.000000 0.434927 0.900466
vn 0.000000 0.772807 0.634641
vn -0.448767 0.772798 0.448767
vn 0.000000 0.434927 0.900466
vn 0.636727 0.434922 0.636727
vn 0.448767 0.772798 0.448767
vn 0.000000 0.772807 0.634641
vn 0.636727 0.434922 0.636727
vn 0.900466 0.434927 0.000000
vn 0.634641 0.772807 0.000000
vn 0.448767 0.772798 0.448767
vn 0.900466 0.434927 0.000000
vn 0.636727 0.434922 -0.636727
vn 0.448767 0.772798 -0.448767
vn 0.634641 0.772807 0.000000
vn 0.000000 -0.772807 -0.634641
vn 0.448767 -0.772798 -0.448767
vn 0.000000 -1.000000 0.000000
vn -0.448767 -0.772798 -0.448767
vn 0.000000 -0.772807 -0.634641
vn 0.000000 -1.000000 0.000000
vn -0.634641 -0.772807 0.000000
vn -0.448767 -0.772798 -0.448767
vn 0.000000 -1.000000 0.000000
vn -0.448767 -0.772798 0.448767
vn -0.634641 -0.772807 0.000000
vn 0.000000 -1.000000 0.000000
vn 0.000000 -0.772807 0.634641
vn -0.448767 -0.772798 0.448767
vn 0.000000 -1.000000 0.000000
vn 0.448767 -0.772798 0.448767
vn 0.000000 -0.772807 0.634641
vn 0.000000 -1.000000 0.000000
vn 0.634641 -0.772807 0.000000
vn 0.448767 -0.772798 0.448767
vn 0.000000 -1.000000 0.000000
vn 0.448767 -0.772798 -0.448767
vn 0.634641 -0.772807 0.000000
vn 0.000000 -1.000000 0.000000
vn 0.448767 0.772798 -0.448767
vn 0.000000 0.772807 -0.634641
vn 0.000000 1.000000 0.000000
vn 0.000000 0.772807 -0.634641
vn -0.448767 0.772798 -0.448767
vn 0.000000 1.000000 0.000000
vn -0.448767 0.772798 -0.448767
vn -0.634641 0.772807 0.000000
vn 0.000000 1.000000 0.000000
vn -0.634641 0.772807 0.000000
vn -0.448767 0.772798 0.448767
vn 0.000000 1.000000 0.000000
vn -0.448767 0.772798 0.448767
vn 0.000000 0.772807 0.634641
vn 0.000000 1.000000 0.000000
vn 0.000000 0.772807 0.634641
vn 0.448767 0.772798 0.448767
vn 0.000000 1.000000 0.000000
vn 0.448767 0.772798 0.448767
vn 0.634641 0.772807 0.000000
vn 0.000000 1.000000 0.000000
vn 0.634641 0.772807 0.000000
vn 0.448767 0.772798 -0.448767
vn 0.000000 1.000000 0.000000
s off
g Cross1 Cross:CrossPearl12
f 421/641/1761 422/642/1762 423/643/1763 424/644/1764
f 422/645/1765 425/646/1766 426/647/1767 423/648/1768
f 425/646/1769 427/649/1770 428/650/1771 426/647/1772
f 427/649/1773 429/651/1774 430/652/1775 428/650/1776
f 429/651/1777 431/653/1778 432/654/1779 430/652/1780
f 431/655/1781 433/656/1782 434/657/1783 432/658/1784
f 433/656/1785 435/659/1786 436/660/1787 434/657/1788
f 435/659/1789 421/641/1790 424/644/1791 436/660/1792
f 424/644/1793 423/643/1794 437/661/1795 438/662/1796
f 423/648/1797 426/647/1798 439/663/1799 437/664/1800
f 426/647/1801 428/650/1802 440/665/1803 439/663/1804
f 428/650/1805 430/652/1806 441/666/1807 440/665/1808
f 430/652/1809 432/654/1810 442/667/1811 441/666/1812
f 432/658/1813 434/657/1814 443/668/1815 442/669/1816
f 434/657/1817 436/660/1818 444/670/1819 443/668/1820
f 436/660/1821 424/644/1822 438/662/1823 444/670/1824
f 438/671/1825 437/672/1826 445/673/1827 446/674/1828
f 437/675/1829 439/676/1830 447/677/1831 445/678/1832
f 439/676/1833 440/679/1834 448/680/1835 447/677/1836
f 440/679/1837 441/681/1838 449/682/1839 448/680/1840
f 441/681/1841 442/683/1842 450/684/1843 449/682/1844
f 442/685/1845 443/686/1846 451/687/1847 450/688/1848
f 443/686/1849 444/689/1850 452/690/1851 451/687/1852
f 444/689/1853 438/671/1854 446/674/1855 452/690/1856
f 446/674/1857 445/673/1858 453/691/1859 454/692/1860
f 445/678/1861 447/677/1862 455/693/1863 453/694/1864
f 447/677/1865 448/680/1866 456/695/1867 455/693/1868
f 448/680/1869 449/682/1870 457/696/1871 456/695/1872
f 449/682/1873 450/684/1874 458/697/1875 457/696/1876
f 450/688/1877 451/687/1878 459/698/1879 458/699/1880
f 451/687/1881 452/690/1882 460/700/1883 459/698/1884
f 452/690/1885 446/674/1886 454/692/1887 460/700/1888
f 422/642/1889 421/641/1890 461/701/1891
f 425/646/1892 422/645/1893 461/702/1894
f 427/649/1895 425/646/1896 461/702/1897
f 429/651/1898 427/649/1899 461/702/1900
f 431/653/1901 429/651/1902 461/702/1903
f 433/656/1904 431/655/1905 461/701/1906
f 435/659/1907 433/656/1908 461/701/1909
f 421/641/1910 435/659/1911 461/701/1912
f 454/692/1913 453/691/1914 462/703/1915
f 453/694/1916 455/693/1917 462/704/1918
f 455/693/1919 456/695/1920 462/704/1921
f 456/695/1922 457/696/1923 462/704/1924
f 457/696/1925 458/697/1926 462/704/1927
f 458/699/1928 459/698/1929 462/703/1930
f 459/698/1931 460/700/1932 462/703/1933
f 460/700/1934 454/692/1935 462/703/1936
g default
v 2.222145 -0.621050 -8.264865
v 1.968529 -0.621050 -8.369918
v 1.968529 -0.358487 -8.632480
v 2.407806 -0.358487 -8.450526
v 1.714911 -0.621050 -8.264865
v 1.529252 -0.358487 -8.450526
v 1.609859 -0.621050 -8.011250
v 1.347296 -0.358487 -8.011250
v 1.714911 -0.621050 -7.757634
v 1.529252 -0.358487 -7.571973
v 1.968529 -0.621050 -7.652581
v 1.968529 -0.358487 -7.390020
v 2.222145 -0.621050 -7.757634
v 2.407806 -0.358487 -7.571973
v 2.327196 -0.621050 -8.011250
v 2.589758 -0.358487 -8.011250
v 1.968529 0.000181 -8.728586
v 2.475759 0.000181 -8.518482
v 1.461296 0.000181 -8.518482
v 1.251192 0.000181 -8.011250
v 1.461296 0.000181 -7.504017
v 1.968529 0.000181 -7.293912
v 2.475759 0.000181 -7.504017
v 2.685864 0.000181 -8.011250
v 1.968529 0.358849 -8.632480
v 2.407806 0.358849 -8.450526
v 1.529252 0.358849 -8.450526
v 1.347296 0.358849 -8.011250
v 1.529252 0.358849 -7.571973
v 1.968529 0.358849 -7.390020
v 2.407806 0.358849 -7.571973
v 2.589758 0.358849 -8.011250
v 1.968529 0.621411 -8.369918
v 2.222145 0.621411 -8.264865
v 1.714911 0.621411 -8.264865
v 1.609859 0.621411 -8.011250
v 1.714911 0.621411 -7.757634
v 1.968529 0.621411 -7.652581
v 2.222145 0.621411 -7.757634
v 2.327196 0.621411 -8.011250
v 1.968529 -0.717154 -8.011250
v 1.968529 0.717515 -8.011250
vt 0.088901 0.583708
vt 0.076813 0.574372
vt 0.088579 0.553971
vt 0.106867 0.573259
vt 0.544891 0.052727
vt 0.532800 0.062062
vt 0.514835 0.051613
vt 0.533131 0.032329
vt 0.528293 0.076141
vt 0.507821 0.076140
vt 0.532801 0.090218
vt 0.514836 0.100667
vt 0.544891 0.099553
vt 0.533131 0.119951
vt 0.076816 0.621212
vt 0.088903 0.611874
vt 0.106869 0.622321
vt 0.088583 0.641611
vt 0.093408 0.597791
vt 0.113878 0.597790
vt 0.104783 0.538498
vt 0.125589 0.564170
vt 0.496113 0.042519
vt 0.516932 0.016851
vt 0.487227 0.076140
vt 0.496114 0.109760
vt 0.516932 0.135429
vt 0.125592 0.631409
vt 0.104789 0.657083
vt 0.134470 0.597789
vt 0.630923 0.856272
vt 0.651727 0.830599
vt 0.667932 0.846070
vt 0.649644 0.865360
vt 0.156637 0.221283
vt 0.177442 0.246956
vt 0.158720 0.256045
vt 0.140433 0.236755
vt 0.186324 0.280575
vt 0.165731 0.280576
vt 0.177444 0.314195
vt 0.158722 0.305107
vt 0.156641 0.339869
vt 0.140435 0.324397
vt 0.651732 0.949184
vt 0.630926 0.923512
vt 0.649648 0.914423
vt 0.667936 0.933711
vt 0.622045 0.889893
vt 0.642636 0.889892
vt 0.679699 0.866470
vt 0.667612 0.875807
vt 0.140755 0.266493
vt 0.128667 0.257156
vt 0.145262 0.280576
vt 0.140756 0.294659
vt 0.128669 0.303996
vt 0.667614 0.903974
vt 0.679702 0.913310
vt 0.663105 0.889891
vt 0.072404 0.597792
vt 0.549301 0.076141
vt 0.684110 0.889890
vt 0.124257 0.280576
vn 0.281086 -0.678599 -0.678597
vn 0.281086 -0.678599 -0.678598
vn 0.281086 -0.678599 -0.678598
vn 0.281086 -0.678599 -0.678598
vn 0.000000 -0.772807 -0.634641
vn -0.448767 -0.772798 -0.448767
vn -0.636727 -0.434922 -0.636727
vn 0.000000 -0.434927 -0.900466
vn -0.448767 -0.772798 -0.448767
vn -0.634641 -0.772807 0.000000
vn -0.900466 -0.434927 0.000000
vn -0.636727 -0.434922 -0.636727
vn -0.634641 -0.772807 0.000000
vn -0.448767 -0.772798 0.448767
vn -0.636727 -0.434922 0.636727
vn -0.900466 -0.434927 0.000000
vn -0.448767 -0.772798 0.448767
vn 0.000000 -0.772807 0.634641
vn 0.000000 -0.434927 0.900466
vn -0.636727 -0.434922 0.636727
vn 0.000000 -0.772807 0.634641
vn 0.448767 -0.772798 0.448767
vn 0.636727 -0.434922 0.636727
vn 0.000000 -0.434927 0.900466
vn 0.448767 -0.772798 0.448767
vn 0.634641 -0.772807 0.000000
vn 0.900466 -0.434927 0.000000
vn 0.636727 -0.434922 0.636727
vn 0.634641 -0.772807 0.000000
vn 0.448767 -0.772798 -0.448767
vn 0.636727 -0.434922 -0.636727
vn 0.900466 -0.434927 0.000000
vn 0.636727 -0.434922 -0.636727
vn 0.000000 -0.434927 -0.900466
vn 0.000000 0.000000 -1.000000
vn 0.707107 0.000000 -0.707107
vn 0.000000 -0.434927 -0.900466
vn -0.636727 -0.434922 -0.636727
vn -0.707107 0.000000 -0.707107
vn 0.000000 0.000000 -1.000000
vn -0.636727 -0.434922 -0.636727
vn -0.900466 -0.434927 0.000000
vn -1.000000 0.000000 0.000000
vn -0.707107 0.000000 -0.707107
vn -0.900466 -0.434927 0.000000
vn -0.636727 -0.434922 0.636727
vn -0.707107 0.000000 0.707107
vn -1.000000 0.000000 0.000000
vn -0.636727 -0.434922 0.636727
vn 0.000000 -0.434927 0.900466
vn 0.000000 0.000000 1.000000
vn -0.707107 0.000000 0.707107
vn 0.000000 -0.434927 0.900466
vn 0.636727 -0.434922 0.636727
vn 0.707107 0.000000 0.707107
vn 0.000000 0.000000 1.000000
vn 0.636727 -0.434922 0.636727
vn 0.900466 -0.434927 0.000000
vn 1.000000 0.000000 0.000000
vn 0.707107 0.000000 0.707107
vn 0.900466 -0.434927 0.000000
vn 0.636727 -0.434922 -0.636727
vn 0.707107 0.000000 -0.707107
vn 1.000000 0.000000 0.000000
vn 0.707107 0.000000 -0.707107
vn 0.000000 0.000000 -1.000000
vn 0.000000 0.434927 -0.900466
vn 0.636727 0.434922 -0.636727
vn 0.000000 0.000000 -1.000000
vn -0.707107 0.000000 -0.707107
vn -0.636727 0.434922 -0.636727
vn 0.000000 0.434927 -0.900466
vn -0.707107 0.000000 -0.707107
vn -1.000000 0.000000 0.000000
vn -0.900466 0.434927 0.000000
vn -0.636727 0.434922 -0.636727
vn -1.000000 0.000000 0.000000
vn -0.707107 0.000000 0.707107
vn -0.636727 0.434922 0.636727
vn -0.900466 0.434927 0.000000
vn -0.707107 0.000000 0.707107
vn 0.000000 0.000000 1.000000
vn 0.000000 0.434927 0.900466
vn -0.636727 0.434922 0.636727
vn 0.000000 0.000000 1.000000
vn 0.707107 0.000000 0.707107
vn 0.636727 0.434922 0.636727
vn 0.000000 0.434927 0.900466
vn 0.707107 0.000000 0.707107
vn 1.000000 0.000000 0.000000
vn 0.900466 0.434927 0.000000
vn 0.636727 0.434922 0.636727
vn 1.000000 0.000000 0.000000
vn 0.707107 0.000000 -0.707107
vn 0.636727 0.434922 -0.636727
vn 0.900466 0.434927 0.000000
vn 0.636727 0.434922 -0.636727
vn 0.000000 0.434927 -0.900466
vn 0.000000 0.772807 -0.634641
vn 0.448767 0.772798 -0.448767
vn 0.000000 0.434927 -0.900466
vn -0.636727 0.434922 -0.636727
vn -0.448767 0.772798 -0.448767
vn 0.000000 0.772807 -0.634641
vn -0.636727 0.434922 -0.636727
vn -0.900466 0.434927 0.000000
vn -0.634641 0.772807 0.000000
vn -0.448767 0.772798 -0.448767
vn -0.900466 0.434927 0.000000
vn -0.636727 0.434922 0.636727
vn -0.448767 0.772798 0.448767
vn -0.634641 0.772807 0.000000
vn -0.636727 0.434922 0.636727
vn 0.000000 0.434927 0.900466
vn 0.000000 0.772807 0.634641
vn -0.448767 0.772798 0.448767
vn 0.000000 0.434927 0.900466
vn 0.636727 0.434922 0.636727
vn 0.448767 0.772798 0.448767
vn 0.000000 0.772807 0.634641
vn 0.636727 0.434922 0.636727
vn 0.900466 0.434927 0.000000
vn 0.634641 0.772807 0.000000
vn 0.448767 0.772798 0.448767
vn 0.900466 0.434927 0.000000
vn 0.636727 0.434922 -0.636727
vn 0.448767 0.772798 -0.448767
vn 0.634641 0.772807 0.000000
vn 0.000000 -0.772807 -0.634641
vn 0.448767 -0.772798 -0.448767
vn 0.000000 -1.000000 0.000000
vn -0.448767 -0.772798 -0.448767
vn 0.000000 -0.772807 -0.634641
vn 0.000000 -1.000000 0.000000
vn -0.634641 -0.772807 0.000000
vn -0.448767 -0.772798 -0.448767
vn 0.000000 -1.000000 0.000000
vn -0.448767 -0.772798 0.448767
vn -0.634641 -0.772807 0.000000
vn 0.000000 -1.000000 0.000000
vn 0.000000 -0.772807 0.634641
vn -0.448767 -0.772798 0.448767
vn 0.000000 -1.000000 0.000000
vn 0.448767 -0.772798 0.448767
vn 0.000000 -0.772807 0.634641
vn 0.000000 -1.000000 0.000000
vn 0.634641 -0.772807 0.000000
vn 0.448767 -0.772798 0.448767
vn 0.000000 -1.000000 0.000000
vn 0.448767 -0.772798 -0.448767
vn 0.634641 -0.772807 0.000000
vn 0.000000 -1.000000 0.000000
vn 0.448767 0.772798 -0.448767
vn 0.000000 0.772807 -0.634641
vn 0.000000 1.000000 0.000000
vn 0.000000 0.772807 -0.634641
vn -0.448767 0.772798 -0.448767
vn 0.000000 1.000000 0.000000
vn -0.448767 0.772798 -0.448767
vn -0.634641 0.772807 0.000000
vn 0.000000 1.000000 0.000000
vn -0.634641 0.772807 0.000000
vn -0.448767 0.772798 0.448767
vn 0.000000 1.000000 0.000000
vn -0.448767 0.772798 0.448767
vn 0.000000 0.772807 0.634641
vn 0.000000 1.000000 0.000000
vn 0.000000 0.772807 0.634641
vn 0.448767 0.772798 0.448767
vn 0.000000 1.000000 0.000000
vn 0.448767 0.772798 0.448767
vn 0.634641 0.772807 0.000000
vn 0.000000 1.000000 0.000000
vn 0.634641 0.772807 0.000000
vn 0.448767 0.772798 -0.448767
vn 0.000000 1.000000 0.000000
s off
g Cross1 Cross:CrossPearl11
f 463/705/1937 464/706/1938 465/707/1939 466/708/1940
f 464/709/1941 467/710/1942 468/711/1943 465/712/1944
f 467/710/1945 469/713/1946 470/714/1947 468/711/1948
f 469/713/1949 471/715/1950 472/716/1951 470/714/1952
f 471/715/1953 473/717/1954 474/718/1955 472/716/1956
f 473/719/1957 475/720/1958 476/721/1959 474/722/1960
f 475/720/1961 477/723/1962 478/724/1963 476/721/1964
f 477/723/1965 463/705/1966 466/708/1967 478/724/1968
f 466/708/1969 465/707/1970 479/725/1971 480/726/1972
f 465/712/1973 468/711/1974 481/727/1975 479/728/1976
f 468/711/1977 470/714/1978 482/729/1979 481/727/1980
f 470/714/1981 472/716/1982 483/730/1983 482/729/1984
f 472/716/1985 474/718/1986 484/731/1987 483/730/1988
f 474/722/1989 476/721/1990 485/732/1991 484/733/1992
f 476/721/1993 478/724/1994 486/734/1995 485/732/1996
f 478/724/1997 466/708/1998 480/726/1999 486/734/2000
f 480/735/2001 479/736/2002 487/737/2003 488/738/2004
f 479/739/2005 481/740/2006 489/741/2007 487/742/2008
f 481/740/2009 482/743/2010 490/744/2011 489/741/2012
f 482/743/2013 483/745/2014 491/746/2015 490/744/2016
f 483/745/2017 484/747/2018 492/748/2019 491/746/2020
f 484/749/2021 485/750/2022 493/751/2023 492/752/2024
f 485/750/2025 486/753/2026 494/754/2027 493/751/2028
f 486/753/2029 480/735/2030 488/738/2031 494/754/2032
f 488/738/2033 487/737/2034 495/755/2035 496/756/2036
f 487/742/2037 489/741/2038 497/757/2039 495/758/2040
f 489/741/2041 490/744/2042 498/759/2043 497/757/2044
f 490/744/2045 491/746/2046 499/760/2047 498/759/2048
f 491/746/2049 492/748/2050 500/761/2051 499/760/2052
f 492/752/2053 493/751/2054 501/762/2055 500/763/2056
f 493/751/2057 494/754/2058 502/764/2059 501/762/2060
f 494/754/2061 488/738/2062 496/756/2063 502/764/2064
f 464/706/2065 463/705/2066 503/765/2067
f 467/710/2068 464/709/2069 503/766/2070
f 469/713/2071 467/710/2072 503/766/2073
f 471/715/2074 469/713/2075 503/766/2076
f 473/717/2077 471/715/2078 503/766/2079
f 475/720/2080 473/719/2081 503/765/2082
f 477/723/2083 475/720/2084 503/765/2085
f 463/705/2086 477/723/2087 503/765/2088
f 496/756/2089 495/755/2090 504/767/2091
f 495/758/2092 497/757/2093 504/768/2094
f 497/757/2095 498/759/2096 504/768/2097
f 498/759/2098 499/760/2099 504/768/2100
f 499/760/2101 500/761/2102 504/768/2103
f 500/763/2104 501/762/2105 504/767/2106
f 501/762/2107 502/764/2108 504/767/2109
f 502/764/2110 496/756/2111 504/767/2112
g default
v -1.615097 -0.621050 -10.826213
v -1.868715 -0.621050 -10.931266
v -1.868715 -0.358487 -11.193830
v -1.429438 -0.358487 -11.011877
v -2.122331 -0.621050 -10.826213
v -2.307992 -0.358487 -11.011877
v -2.227382 -0.621050 -10.572599
v -2.489945 -0.358487 -10.572599
v -2.122331 -0.621050 -10.318983
v -2.307992 -0.358487 -10.133320
v -1.868715 -0.621050 -10.213930
v -1.868715 -0.358487 -9.951368
v -1.615097 -0.621050 -10.318981
v -1.429438 -0.358487 -10.133320
v -1.510045 -0.621050 -10.572599
v -1.247483 -0.358487 -10.572599
v -1.868715 0.000181 -11.289932
v -1.361480 0.000181 -11.079828
v -2.375948 0.000181 -11.079828
v -2.586050 0.000181 -10.572599
v -2.375948 0.000181 -10.065363
v -1.868715 0.000181 -9.855262
v -1.361480 0.000181 -10.065363
v -1.151377 0.000181 -10.572599
v -1.868715 0.358849 -11.193830
v -1.429438 0.358849 -11.011877
v -2.307992 0.358849 -11.011877
v -2.489945 0.358849 -10.572599
v -2.307992 0.358849 -10.133320
v -1.868715 0.358849 -9.951368
v -1.429438 0.358849 -10.133320
v -1.247483 0.358849 -10.572599
v -1.868715 0.621411 -10.931266
v -1.615097 0.621411 -10.826213
v -2.122331 0.621411 -10.826213
v -2.227382 0.621411 -10.572599
v -2.122331 0.621411 -10.318983
v -1.868715 0.621411 -10.213930
v -1.615097 0.621411 -10.318981
v -1.510045 0.621411 -10.572599
v -1.868715 -0.717154 -10.572599
v -1.868715 0.717515 -10.572599
vt 0.405205 0.837493
vt 0.393116 0.828157
vt 0.404882 0.807755
vt 0.423170 0.827045
vt 0.871560 0.108974
vt 0.859470 0.118309
vt 0.841504 0.107861
vt 0.859797 0.088574
vt 0.854964 0.132390
vt 0.834493 0.132390
vt 0.859471 0.146470
vt 0.841506 0.156919
vt 0.871560 0.155806
vt 0.859798 0.176206
vt 0.393119 0.874997
vt 0.405205 0.865659
vt 0.423172 0.876107
vt 0.404886 0.895397
vt 0.409711 0.851576
vt 0.430181 0.851575
vt 0.421087 0.792283
vt 0.441891 0.817956
vt 0.822783 0.098771
vt 0.843593 0.073099
vt 0.813900 0.132391
vt 0.822784 0.166011
vt 0.843596 0.191681
vt 0.441895 0.885194
vt 0.421093 0.910869
vt 0.450773 0.851575
vt 0.133138 0.505809
vt 0.153944 0.480136
vt 0.170148 0.495610
vt 0.151860 0.514898
vt 0.841100 0.660563
vt 0.861903 0.686237
vt 0.843182 0.695324
vt 0.824895 0.676034
vt 0.870782 0.719857
vt 0.850190 0.719856
vt 0.861901 0.753477
vt 0.843179 0.744387
vt 0.841094 0.779148
vt 0.824890 0.763674
vt 0.153942 0.598723
vt 0.133137 0.573050
vt 0.151858 0.563961
vt 0.170146 0.583249
vt 0.124257 0.539429
vt 0.144849 0.539429
vt 0.181913 0.516010
vt 0.169825 0.525347
vt 0.825215 0.705771
vt 0.813128 0.696434
vt 0.829720 0.719854
vt 0.825213 0.733937
vt 0.813125 0.743273
vt 0.169824 0.553513
vt 0.181912 0.562849
vt 0.165318 0.539429
vt 0.388707 0.851577
vt 0.875971 0.132390
vt 0.186323 0.539430
vt 0.808715 0.719854
vn 0.281084 -0.678601 -0.678596
vn 0.281084 -0.678601 -0.678596
vn 0.281084 -0.678601 -0.678596
vn 0.281084 -0.678601 -0.678596
vn 0.000000 -0.772807 -0.634641
vn -0.448767 -0.772798 -0.448767
vn -0.636727 -0.434922 -0.636727
vn 0.000000 -0.434927 -0.900466
vn -0.448767 -0.772798 -0.448767
vn -0.634641 -0.772807 0.000000
vn -0.900466 -0.434927 0.000000
vn -0.636727 -0.434922 -0.636727
vn -0.634641 -0.772807 0.000000
vn -0.448767 -0.772798 0.448767
vn -0.636727 -0.434922 0.636727
vn -0.900466 -0.434927 0.000000
vn -0.448767 -0.772798 0.448767
vn 0.000000 -0.772807 0.634641
vn 0.000000 -0.434927 0.900466
vn -0.636727 -0.434922 0.636727
vn 0.000000 -0.772807 0.634641
vn 0.448767 -0.772798 0.448767
vn 0.636727 -0.434922 0.636727
vn 0.000000 -0.434927 0.900466
vn 0.448767 -0.772798 0.448767
vn 0.634641 -0.772807 0.000000
vn 0.900466 -0.434927 0.000000
vn 0.636727 -0.434922 0.636727
vn 0.634641 -0.772807 0.000000
vn 0.448767 -0.772798 -0.448767
vn 0.636727 -0.434922 -0.636727
vn 0.900466 -0.434927 0.000000
vn 0.636727 -0.434922 -0.636727
vn 0.000000 -0.434927 -0.900466
vn 0.000000 0.000000 -1.000000
vn 0.707107 0.000000 -0.707107
vn 0.000000 -0.434927 -0.900466
vn -0.636727 -0.434922 -0.636727
vn -0.707107 0.000000 -0.707107
vn 0.000000 0.000000 -1.000000
vn -0.636727 -0.434922 -0.636727
vn -0.900466 -0.434927 0.000000
vn -1.000000 0.000000 0.000000
vn -0.707107 0.000000 -0.707107
vn -0.900466 -0.434927 0.000000
vn -0.636727 -0.434922 0.636727
vn -0.707107 0.000000 0.707107
vn -1.000000 0.000000 0.000000
vn -0.636727 -0.434922 0.636727
vn 0.000000 -0.434927 0.900466
vn 0.000000 0.000000 1.000000
vn -0.707107 0.000000 0.707107
vn 0.000000 -0.434927 0.900466
vn 0.636727 -0.434922 0.636727
vn 0.707107 0.000000 0.707107
vn 0.000000 0.000000 1.000000
vn 0.636727 -0.434922 0.636727
vn 0.900466 -0.434927 0.000000
vn 1.000000 0.000000 0.000000
vn 0.707107 0.000000 0.707107
vn 0.900466 -0.434927 0.000000
vn 0.636727 -0.434922 -0.636727
vn 0.707107 0.000000 -0.707107
vn 1.000000 0.000000 0.000000
vn 0.707107 0.000000 -0.707107
vn 0.000000 0.000000 -1.000000
vn 0.000000 0.434927 -0.900466
vn 0.636727 0.434922 -0.636727
vn 0.000000 0.000000 -1.000000
vn -0.707107 0.000000 -0.707107
vn -0.636727 0.434922 -0.636727
vn 0.000000 0.434927 -0.900466
vn -0.707107 0.000000 -0.707107
vn -1.000000 0.000000 0.000000
vn -0.900466 0.434927 0.000000
vn -0.636727 0.434922 -0.636727
vn -1.000000 0.000000 0.000000
vn -0.707107 0.000000 0.707107
vn -0.636727 0.434922 0.636727
vn -0.900466 0.434927 0.000000
vn -0.707107 0.000000 0.707107
vn 0.000000 0.000000 1.000000
vn 0.000000 0.434927 0.900466
vn -0.636727 0.434922 0.636727
vn 0.000000 0.000000 1.000000
vn 0.707107 0.000000 0.707107
vn 0.636727 0.434922 0.636727
vn 0.000000 0.434927 0.900466
vn 0.707107 0.000000 0.707107
vn 1.000000 0.000000 0.000000
vn 0.900466 0.434927 0.000000
vn 0.636727 0.434922 0.636727
vn 1.000000 0.000000 0.000000
vn 0.707107 0.000000 -0.707107
vn 0.636727 0.434922 -0.636727
vn 0.900466 0.434927 0.000000
vn 0.636727 0.434922 -0.636727
vn 0.000000 0.434927 -0.900466
vn 0.000000 0.772807 -0.634641
vn 0.448767 0.772798 -0.448767
vn 0.000000 0.434927 -0.900466
vn -0.636727 0.434922 -0.636727
vn -0.448767 0.772798 -0.448767
vn 0.000000 0.772807 -0.634641
vn -0.636727 0.434922 -0.636727
vn -0.900466 0.434927 0.000000
vn -0.634641 0.772807 0.000000
vn -0.448767 0.772798 -0.448767
vn -0.900466 0.434927 0.000000
vn -0.636727 0.434922 0.636727
vn -0.448767 0.772798 0.448767
vn -0.634641 0.772807 0.000000
vn -0.636727 0.434922 0.636727
vn 0.000000 0.434927 0.900466
vn 0.000000 0.772807 0.634641
vn -0.448767 0.772798 0.448767
vn 0.000000 0.434927 0.900466
vn 0.636727 0.434922 0.636727
vn 0.448767 0.772798 0.448767
vn 0.000000 0.772807 0.634641
vn 0.636727 0.434922 0.636727
vn 0.900466 0.434927 0.000000
vn 0.634641 0.772807 0.000000
vn 0.448767 0.772798 0.448767
vn 0.900466 0.434927 0.000000
vn 0.636727 0.434922 -0.636727
vn 0.448767 0.772798 -0.448767
vn 0.634641 0.772807 0.000000
vn 0.000000 -0.772807 -0.634641
vn 0.448767 -0.772798 -0.448767
vn 0.000000 -1.000000 0.000000
vn -0.448767 -0.772798 -0.448767
vn 0.000000 -0.772807 -0.634641
vn 0.000000 -1.000000 0.000000
vn -0.634641 -0.772807 0.000000
vn -0.448767 -0.772798 -0.448767
vn 0.000000 -1.000000 0.000000
vn -0.448767 -0.772798 0.448767
vn -0.634641 -0.772807 0.000000
vn 0.000000 -1.000000 0.000000
vn 0.000000 -0.772807 0.634641
vn -0.448767 -0.772798 0.448767
vn 0.000000 -1.000000 0.000000
vn 0.448767 -0.772798 0.448767
vn 0.000000 -0.772807 0.634641
vn 0.000000 -1.000000 0.000000
vn 0.634641 -0.772807 0.000000
vn 0.448767 -0.772798 0.448767
vn 0.000000 -1.000000 0.000000
vn 0.448767 -0.772798 -0.448767
vn 0.634641 -0.772807 0.000000
vn 0.000000 -1.000000 0.000000
vn 0.448767 0.772798 -0.448767
vn 0.000000 0.772807 -0.634641
vn 0.000000 1.000000 0.000000
vn 0.000000 0.772807 -0.634641
vn -0.448767 0.772798 -0.448767
vn 0.000000 1.000000 0.000000
vn -0.448767 0.772798 -0.448767
vn -0.634641 0.772807 0.000000
vn 0.000000 1.000000 0.000000
vn -0.634641 0.772807 0.000000
vn -0.448767 0.772798 0.448767
vn 0.000000 1.000000 0.000000
vn -0.448767 0.772798 0.448767
vn 0.000000 0.772807 0.634641
vn 0.000000 1.000000 0.000000
vn 0.000000 0.772807 0.634641
vn 0.448767 0.772798 0.448767
vn 0.000000 1.000000 0.000000
vn 0.448767 0.772798 0.448767
vn 0.634641 0.772807 0.000000
vn 0.000000 1.000000 0.000000
vn 0.634641 0.772807 0.000000
vn 0.448767 0.772798 -0.448767
vn 0.000000 1.000000 0.000000
s off
g Cross1 Cross:CrossPearl10
f 505/769/2113 506/770/2114 507/771/2115 508/772/2116
f 506/773/2117 509/774/2118 510/775/2119 507/776/2120
f 509/774/2121 511/777/2122 512/778/2123 510/775/2124
f 511/777/2125 513/779/2126 514/780/2127 512/778/2128
f 513/779/2129 515/781/2130 516/782/2131 514/780/2132
f 515/783/2133 517/784/2134 518/785/2135 516/786/2136
f 517/784/2137 519/787/2138 520/788/2139 518/785/2140
f 519/787/2141 505/769/2142 508/772/2143 520/788/2144
f 508/772/2145 507/771/2146 521/789/2147 522/790/2148
f 507/776/2149 510/775/2150 523/791/2151 521/792/2152
f 510/775/2153 512/778/2154 524/793/2155 523/791/2156
f 512/778/2157 514/780/2158 525/794/2159 524/793/2160
f 514/780/2161 516/782/2162 526/795/2163 525/794/2164
f 516/786/2165 518/785/2166 527/796/2167 526/797/2168
f 518/785/2169 520/788/2170 528/798/2171 527/796/2172
f 520/788/2173 508/772/2174 522/790/2175 528/798/2176
f 522/799/2177 521/800/2178 529/801/2179 530/802/2180
f 521/803/2181 523/804/2182 531/805/2183 529/806/2184
f 523/804/2185 524/807/2186 532/808/2187 531/805/2188
f 524/807/2189 525/809/2190 533/810/2191 532/808/2192
f 525/809/2193 526/811/2194 534/812/2195 533/810/2196
f 526/813/2197 527/814/2198 535/815/2199 534/816/2200
f 527/814/2201 528/817/2202 536/818/2203 535/815/2204
f 528/817/2205 522/799/2206 530/802/2207 536/818/2208
f 530/802/2209 529/801/2210 537/819/2211 538/820/2212
f 529/806/2213 531/805/2214 539/821/2215 537/822/2216
f 531/805/2217 532/808/2218 540/823/2219 539/821/2220
f 532/808/2221 533/810/2222 541/824/2223 540/823/2224
f 533/810/2225 534/812/2226 542/825/2227 541/824/2228
f 534/816/2229 535/815/2230 543/826/2231 542/827/2232
f 535/815/2233 536/818/2234 544/828/2235 543/826/2236
f 536/818/2237 530/802/2238 538/820/2239 544/828/2240
f 506/770/2241 505/769/2242 545/829/2243
f 509/774/2244 506/773/2245 545/830/2246
f 511/777/2247 509/774/2248 545/830/2249
f 513/779/2250 511/777/2251 545/830/2252
f 515/781/2253 513/779/2254 545/830/2255
f 517/784/2256 515/783/2257 545/829/2258
f 519/787/2259 517/784/2260 545/829/2261
f 505/769/2262 519/787/2263 545/829/2264
f 538/820/2265 537/819/2266 546/831/2267
f 537/822/2268 539/821/2269 546/832/2270
f 539/821/2271 540/823/2272 546/832/2273
f 540/823/2274 541/824/2275 546/832/2276
f 541/824/2277 542/825/2278 546/832/2279
f 542/827/2280 543/826/2281 546/831/2282
f 543/826/2283 544/828/2284 546/831/2285
f 544/828/2286 538/820/2287 546/831/2288
g default
v 2.345281 -0.621050 -11.991052
v 2.091662 -0.621050 -12.096104
v 2.091662 -0.358487 -12.358670
v 2.530942 -0.358487 -12.176710
v 1.838047 -0.621050 -11.991052
v 1.652388 -0.358487 -12.176710
v 1.732995 -0.621050 -11.737436
v 1.470434 -0.358487 -11.737436
v 1.838047 -0.621050 -11.483820
v 1.652388 -0.358487 -11.298156
v 2.091662 -0.621050 -11.378770
v 2.091662 -0.358487 -11.116205
v 2.345281 -0.621050 -11.483820
v 2.530942 -0.358487 -11.298156
v 2.450333 -0.621050 -11.737436
v 2.712894 -0.358487 -11.737436
v 2.091662 0.000181 -12.454774
v 2.598898 0.000181 -12.244670
v 1.584432 0.000181 -12.244670
v 1.374328 0.000181 -11.737436
v 1.584432 0.000181 -11.230205
v 2.091662 0.000181 -11.020102
v 2.598899 0.000181 -11.230205
v 2.809000 0.000181 -11.737436
v 2.091662 0.358849 -12.358670
v 2.530942 0.358849 -12.176710
v 1.652388 0.358849 -12.176710
v 1.470434 0.358849 -11.737436
v 1.652388 0.358849 -11.298156
v 2.091662 0.358849 -11.116205
v 2.530942 0.358849 -11.298156
v 2.712894 0.358849 -11.737436
v 2.091662 0.621411 -12.096104
v 2.345281 0.621411 -11.991052
v 1.838047 0.621411 -11.991052
v 1.732995 0.621411 -11.737436
v 1.838047 0.621411 -11.483820
v 2.091662 0.621411 -11.378770
v 2.345281 0.621411 -11.483820
v 2.450333 0.621411 -11.737436
v 2.091662 -0.717154 -11.737436
v 2.091662 0.717515 -11.737436
vt 0.856326 0.479461
vt 0.844240 0.470123
vt 0.856009 0.449724
vt 0.874294 0.469015
vt 0.181914 0.374562
vt 0.169827 0.383898
vt 0.151860 0.373450
vt 0.170149 0.354162
vt 0.165319 0.397982
vt 0.144849 0.397981
vt 0.169825 0.412065
vt 0.151859 0.422513
vt 0.181913 0.421402
vt 0.170146 0.441802
vt 0.844236 0.516963
vt 0.856325 0.507627
vt 0.874290 0.518078
vt 0.856001 0.537365
vt 0.860832 0.493544
vt 0.881301 0.493547
vt 0.872214 0.434253
vt 0.893017 0.459929
vt 0.133139 0.364360
vt 0.153946 0.338689
vt 0.124257 0.397981
vt 0.133137 0.431600
vt 0.153941 0.457274
vt 0.893011 0.527167
vt 0.872204 0.552839
vt 0.901893 0.493549
vt 0.366475 0.421241
vt 0.387280 0.395567
vt 0.403484 0.411040
vt 0.385196 0.430329
vt 0.109971 0.409412
vt 0.130775 0.435085
vt 0.112053 0.444174
vt 0.093766 0.424884
vt 0.139656 0.468704
vt 0.119064 0.468705
vt 0.130777 0.502324
vt 0.112054 0.493236
vt 0.109972 0.527997
vt 0.093768 0.512525
vt 0.387281 0.514154
vt 0.366475 0.488481
vt 0.385197 0.479392
vt 0.403486 0.498680
vt 0.357595 0.454861
vt 0.378186 0.454861
vt 0.415251 0.431440
vt 0.403163 0.440777
vt 0.094088 0.454622
vt 0.082000 0.445285
vt 0.098594 0.468705
vt 0.094088 0.482788
vt 0.082001 0.492124
vt 0.403163 0.468943
vt 0.415251 0.478279
vt 0.398655 0.454861
vt 0.839827 0.493543
vt 0.186324 0.397983
vt 0.419661 0.454860
vt 0.077589 0.468706
vn 0.281086 -0.678600 -0.678596
vn 0.281086 -0.678600 -0.678596
vn 0.281086 -0.678600 -0.678596
vn 0.281086 -0.678600 -0.678596
vn 0.000000 -0.772807 -0.634641
vn -0.448767 -0.772798 -0.448767
vn -0.636727 -0.434922 -0.636727
vn 0.000000 -0.434927 -0.900466
vn -0.448767 -0.772798 -0.448767
vn -0.634641 -0.772807 0.000000
vn -0.900466 -0.434927 0.000000
vn -0.636727 -0.434922 -0.636727
vn -0.634641 -0.772807 0.000000
vn -0.448767 -0.772798 0.448767
vn -0.636727 -0.434922 0.636727
vn -0.900466 -0.434927 0.000000
vn -0.448767 -0.772798 0.448767
vn 0.000000 -0.772807 0.634641
vn 0.000000 -0.434927 0.900466
vn -0.636727 -0.434922 0.636727
vn 0.000000 -0.772807 0.634641
vn 0.448767 -0.772798 0.448767
vn 0.636727 -0.434922 0.636727
vn 0.000000 -0.434927 0.900466
vn 0.448767 -0.772798 0.448767
vn 0.634641 -0.772807 0.000000
vn 0.900466 -0.434927 0.000000
vn 0.636727 -0.434922 0.636727
vn 0.634641 -0.772807 0.000000
vn 0.448767 -0.772798 -0.448767
vn 0.636727 -0.434922 -0.636727
vn 0.900466 -0.434927 0.000000
vn 0.636727 -0.434922 -0.636727
vn 0.000000 -0.434927 -0.900466
vn 0.000000 0.000000 -1.000000
vn 0.707107 0.000000 -0.707107
vn 0.000000 -0.434927 -0.900466
vn -0.636727 -0.434922 -0.636727
vn -0.707107 0.000000 -0.707107
vn 0.000000 0.000000 -1.000000
vn -0.636727 -0.434922 -0.636727
vn -0.900466 -0.434927 0.000000
vn -1.000000 0.000000 0.000000
vn -0.707107 0.000000 -0.707107
vn -0.900466 -0.434927 0.000000
vn -0.636727 -0.434922 0.636727
vn -0.707107 0.000000 0.707107
vn -1.000000 0.000000 0.000000
vn -0.636727 -0.434922 0.636727
vn 0.000000 -0.434927 0.900466
vn 0.000000 0.000000 1.000000
vn -0.707107 0.000000 0.707107
vn 0.000000 -0.434927 0.900466
vn 0.636727 -0.434922 0.636727
vn 0.707107 0.000000 0.707107
vn 0.000000 0.000000 1.000000
vn 0.636727 -0.434922 0.636727
vn 0.900466 -0.434927 0.000000
vn 1.000000 0.000000 0.000000
vn 0.707107 0.000000 0.707107
vn 0.900466 -0.434927 0.000000
vn 0.636727 -0.434922 -0.636727
vn 0.707107 0.000000 -0.707107
vn 1.000000 0.000000 0.000000
vn 0.707107 0.000000 -0.707107
vn 0.000000 0.000000 -1.000000
vn 0.000000 0.434927 -0.900466
vn 0.636727 0.434922 -0.636727
vn 0.000000 0.000000 -1.000000
vn -0.707107 0.000000 -0.707107
vn -0.636727 0.434922 -0.636727
vn 0.000000 0.434927 -0.900466
vn -0.707107 0.000000 -0.707107
vn -1.000000 0.000000 0.000000
vn -0.900466 0.434927 0.000000
vn -0.636727 0.434922 -0.636727
vn -1.000000 0.000000 0.000000
vn -0.707107 0.000000 0.707107
vn -0.636727 0.434922 0.636727
vn -0.900466 0.434927 0.000000
vn -0.707107 0.000000 0.707107
vn 0.000000 0.000000 1.000000
vn 0.000000 0.434927 0.900466
vn -0.636727 0.434922 0.636727
vn 0.000000 0.000000 1.000000
vn 0.707107 0.000000 0.707107
vn 0.636727 0.434922 0.636727
vn 0.000000 0.434927 0.900466
vn 0.707107 0.000000 0.707107
vn 1.000000 0.000000 0.000000
vn 0.900466 0.434927 0.000000
vn 0.636727 0.434922 0.636727
vn 1.000000 0.000000 0.000000
vn 0.707107 0.000000 -0.707107
vn 0.636727 0.434922 -0.636727
vn 0.900466 0.434927 0.000000
vn 0.636727 0.434922 -0.636727
vn 0.000000 0.434927 -0.900466
vn 0.000000 0.772807 -0.634641
vn 0.448767 0.772798 -0.448767
vn 0.000000 0.434927 -0.900466
vn -0.636727 0.434922 -0.636727
vn -0.448767 0.772798 -0.448767
vn 0.000000 0.772807 -0.634641
vn -0.636727 0.434922 -0.636727
vn -0.900466 0.434927 0.000000
vn -0.634641 0.772807 0.000000
vn -0.448767 0.772798 -0.448767
vn -0.900466 0.434927 0.000000
vn -0.636727 0.434922 0.636727
vn -0.448767 0.772798 0.448767
vn -0.634641 0.772807 0.000000
vn -0.636727 0.434922 0.636727
vn 0.000000 0.434927 0.900466
vn 0.000000 0.772807 0.634641
vn -0.448767 0.772798 0.448767
vn 0.000000 0.434927 0.900466
vn 0.636727 0.434922 0.636727
vn 0.448767 0.772798 0.448767
vn 0.000000 0.772807 0.634641
vn 0.636727 0.434922 0.636727
vn 0.900466 0.434927 0.000000
vn 0.634641 0.772807 0.000000
vn 0.448767 0.772798 0.448767
vn 0.900466 0.434927 0.000000
vn 0.636727 0.434922 -0.636727
vn 0.448767 0.772798 -0.448767
vn 0.634641 0.772807 0.000000
vn 0.000000 -0.772807 -0.634641
vn 0.448767 -0.772798 -0.448767
vn 0.000000 -1.000000 0.000000
vn -0.448767 -0.772798 -0.448767
vn 0.000000 -0.772807 -0.634641
vn 0.000000 -1.000000 0.000000
vn -0.634641 -0.772807 0.000000
vn -0.448767 -0.772798 -0.448767
vn 0.000000 -1.000000 0.000000
vn -0.448767 -0.772798 0.448767
vn -0.634641 -0.772807 0.000000
vn 0.000000 -1.000000 0.000000
vn 0.000000 -0.772807 0.634641
vn -0.448767 -0.772798 0.448767
vn 0.000000 -1.000000 0.000000
vn 0.448767 -0.772798 0.448767
vn 0.000000 -0.772807 0.634641
vn 0.000000 -1.000000 0.000000
vn 0.634641 -0.772807 0.000000
vn 0.448767 -0.772798 0.448767
vn 0.000000 -1.000000 0.000000
vn 0.448767 -0.772798 -0.448767
vn 0.634641 -0.772807 0.000000
vn 0.000000 -1.000000 0.000000
vn 0.448767 0.772798 -0.448767
vn 0.000000 0.772807 -0.634641
vn 0.000000 1.000000 0.000000
vn 0.000000 0.772807 -0.634641
vn -0.448767 0.772798 -0.448767
vn 0.000000 1.000000 0.000000
vn -0.448767 0.772798 -0.448767
vn -0.634641 0.772807 0.000000
vn 0.000000 1.000000 0.000000
vn -0.634641 0.772807 0.000000
vn -0.448767 0.772798 0.448767
vn 0.000000 1.000000 0.000000
vn -0.448767 0.772798 0.448767
vn 0.000000 0.772807 0.634641
vn 0.000000 1.000000 0.000000
vn 0.000000 0.772807 0.634641
vn 0.448767 0.772798 0.448767
vn 0.000000 1.000000 0.000000
vn 0.448767 0.772798 0.448767
vn 0.634641 0.772807 0.000000
vn 0.000000 1.000000 0.000000
vn 0.634641 0.772807 0.000000
vn 0.448767 0.772798 -0.448767
vn 0.000000 1.000000 0.000000
s off
g Cross1 Cross:CrossPearl9
f 547/833/2289 548/834/2290 549/835/2291 550/836/2292
f 548/837/2293 551/838/2294 552/839/2295 549/840/2296
f 551/838/2297 553/841/2298 554/842/2299 552/839/2300
f 553/841/2301 555/843/2302 556/844/2303 554/842/2304
f 555/843/2305 557/845/2306 558/846/2307 556/844/2308
f 557/847/2309 559/848/2310 560/849/2311 558/850/2312
f 559/848/2313 561/851/2314 562/852/2315 560/849/2316
f 561/851/2317 547/833/2318 550/836/2319 562/852/2320
f 550/836/2321 549/835/2322 563/853/2323 564/854/2324
f 549/840/2325 552/839/2326 565/855/2327 563/856/2328
f 552/839/2329 554/842/2330 566/857/2331 565/855/2332
f 554/842/2333 556/844/2334 567/858/2335 566/857/2336
f 556/844/2337 558/846/2338 568/859/2339 567/858/2340
f 558/850/2341 560/849/2342 569/860/2343 568/861/2344
f 560/849/2345 562/852/2346 570/862/2347 569/860/2348
f 562/852/2349 550/836/2350 564/854/2351 570/862/2352
f 564/863/2353 563/864/2354 571/865/2355 572/866/2356
f 563/867/2357 565/868/2358 573/869/2359 571/870/2360
f 565/868/2361 566/871/2362 574/872/2363 573/869/2364
f 566/871/2365 567/873/2366 575/874/2367 574/872/2368
f 567/873/2369 568/875/2370 576/876/2371 575/874/2372
f 568/877/2373 569/878/2374 577/879/2375 576/880/2376
f 569/878/2377 570/881/2378 578/882/2379 577/879/2380
f 570/881/2381 564/863/2382 572/866/2383 578/882/2384
f 572/866/2385 571/865/2386 579/883/2387 580/884/2388
f 571/870/2389 573/869/2390 581/885/2391 579/886/2392
f 573/869/2393 574/872/2394 582/887/2395 581/885/2396
f 574/872/2397 575/874/2398 583/888/2399 582/887/2400
f 575/874/2401 576/876/2402 584/889/2403 583/888/2404
f 576/880/2405 577/879/2406 585/890/2407 584/891/2408
f 577/879/2409 578/882/2410 586/892/2411 585/890/2412
f 578/882/2413 572/866/2414 580/884/2415 586/892/2416
f 548/834/2417 547/833/2418 587/893/2419
f 551/838/2420 548/837/2421 587/894/2422
f 553/841/2423 551/838/2424 587/894/2425
f 555/843/2426 553/841/2427 587/894/2428
f 557/845/2429 555/843/2430 587/894/2431
f 559/848/2432 557/847/2433 587/893/2434
f 561/851/2435 559/848/2436 587/893/2437
f 547/833/2438 561/851/2439 587/893/2440
f 580/884/2441 579/883/2442 588/895/2443
f 579/886/2444 581/885/2445 588/896/2446
f 581/885/2447 582/887/2448 588/896/2449
f 582/887/2450 583/888/2451 588/896/2452
f 583/888/2453 584/889/2454 588/896/2455
f 584/891/2456 585/890/2457 588/895/2458
f 585/890/2459 586/892/2460 588/895/2461
f 586/892/2462 580/884/2463 588/895/2464
g default
v 2.345281 -0.621050 -13.245176
v 2.091662 -0.621050 -13.350226
v 2.091662 -0.358487 -13.612790
v 2.530942 -0.358487 -13.430834
v 1.838047 -0.621050 -13.245176
v 1.652388 -0.358487 -13.430834
v 1.732995 -0.621050 -12.991556
v 1.470434 -0.358487 -12.991556
v 1.838047 -0.621050 -12.737944
v 1.652388 -0.358487 -12.552280
v 2.091662 -0.621050 -12.632888
v 2.091662 -0.358487 -12.370330
v 2.345281 -0.621050 -12.737944
v 2.530942 -0.358487 -12.552280
v 2.450333 -0.621050 -12.991556
v 2.712894 -0.358487 -12.991556
v 2.091662 0.000181 -13.708890
v 2.598898 0.000181 -13.498792
v 1.584432 0.000181 -13.498792
v 1.374328 0.000181 -12.991556
v 1.584432 0.000181 -12.484322
v 2.091662 0.000181 -12.274224
v 2.598899 0.000181 -12.484322
v 2.809000 0.000181 -12.991556
v 2.091662 0.358849 -13.612790
v 2.530942 0.358849 -13.430834
v 1.652388 0.358849 -13.430834
v 1.470434 0.358849 -12.991556
v 1.652388 0.358849 -12.552280
v 2.091662 0.358849 -12.370330
v 2.530942 0.358849 -12.552280
v 2.712894 0.358849 -12.991556
v 2.091662 0.621411 -13.350226
v 2.345281 0.621411 -13.245176
v 1.838047 0.621411 -13.245176
v 1.732995 0.621411 -12.991556
v 1.838047 0.621411 -12.737944
v 2.091662 0.621411 -12.632888
v 2.345281 0.621411 -12.737944
v 2.450333 0.621411 -12.991556
v 2.091662 -0.717154 -12.991556
v 2.091662 0.717515 -12.991556
vt 0.311870 0.704740
vt 0.299782 0.695403
vt 0.311548 0.675003
vt 0.329835 0.694292
vt 0.539699 0.514908
vt 0.527611 0.524244
vt 0.509645 0.513796
vt 0.527933 0.494507
vt 0.523104 0.538328
vt 0.502634 0.538328
vt 0.527611 0.552411
vt 0.509644 0.562859
vt 0.539699 0.561747
vt 0.527932 0.582148
vt 0.299782 0.742243
vt 0.311870 0.732906
vt 0.329835 0.743354
vt 0.311549 0.762643
vt 0.316376 0.718823
vt 0.336846 0.718823
vt 0.327752 0.659530
vt 0.348558 0.685203
vt 0.490924 0.504708
vt 0.511729 0.479035
vt 0.482042 0.538328
vt 0.490923 0.571949
vt 0.511728 0.597621
vt 0.348558 0.752442
vt 0.327754 0.778116
vt 0.357438 0.718823
vt 0.138322 0.752836
vt 0.159128 0.727164
vt 0.175332 0.742636
vt 0.157044 0.761925
vt 0.918875 0.697743
vt 0.939680 0.723416
vt 0.920958 0.732505
vt 0.902671 0.713216
vt 0.948561 0.757036
vt 0.927969 0.757036
vt 0.939681 0.790656
vt 0.920959 0.781567
vt 0.918877 0.816329
vt 0.902671 0.800856
vt 0.159128 0.845750
vt 0.138323 0.820077
vt 0.157044 0.810988
vt 0.175333 0.830276
vt 0.129442 0.786457
vt 0.150034 0.786457
vt 0.187099 0.763036
vt 0.175010 0.772373
vt 0.902992 0.742953
vt 0.890905 0.733616
vt 0.907499 0.757037
vt 0.902993 0.771120
vt 0.890906 0.780455
vt 0.175010 0.800540
vt 0.187099 0.809876
vt 0.170503 0.786457
vt 0.295371 0.718824
vt 0.544108 0.538328
vt 0.191508 0.786457
vt 0.886495 0.757037
vn 0.281083 -0.678597 -0.678600
vn 0.281083 -0.678597 -0.678600
vn 0.281083 -0.678597 -0.678600
vn 0.281083 -0.678597 -0.678600
vn 0.000000 -0.772807 -0.634641
vn -0.448767 -0.772798 -0.448767
vn -0.636727 -0.434922 -0.636727
vn 0.000000 -0.434927 -0.900466
vn -0.448767 -0.772798 -0.448767
vn -0.634641 -0.772807 0.000000
vn -0.900466 -0.434927 0.000000
vn -0.636727 -0.434922 -0.636727
vn -0.634641 -0.772807 0.000000
vn -0.448767 -0.772798 0.448767
vn -0.636727 -0.434922 0.636727
vn -0.900466 -0.434927 0.000000
vn -0.448767 -0.772798 0.448767
vn 0.000000 -0.772807 0.634641
vn 0.000000 -0.434927 0.900466
vn -0.636727 -0.434922 0.636727
vn 0.000000 -0.772807 0.634641
vn 0.448767 -0.772798 0.448767
vn 0.636727 -0.434922 0.636727
vn 0.000000 -0.434927 0.900466
vn 0.448767 -0.772798 0.448767
vn 0.634641 -0.772807 0.000000
vn 0.900466 -0.434927 0.000000
vn 0.636727 -0.434922 0.636727
vn 0.634641 -0.772807 0.000000
vn 0.448767 -0.772798 -0.448767
vn 0.636727 -0.434922 -0.636727
vn 0.900466 -0.434927 0.000000
vn 0.636727 -0.434922 -0.636727
vn 0.000000 -0.434927 -0.900466
vn 0.000000 0.000000 -1.000000
vn 0.707107 0.000000 -0.707107
vn 0.000000 -0.434927 -0.900466
vn -0.636727 -0.434922 -0.636727
vn -0.707107 0.000000 -0.707107
vn 0.000000 0.000000 -1.000000
vn -0.636727 -0.434922 -0.636727
vn -0.900466 -0.434927 0.000000
vn -1.000000 0.000000 0.000000
vn -0.707107 0.000000 -0.707107
vn -0.900466 -0.434927 0.000000
vn -0.636727 -0.434922 0.636727
vn -0.707107 0.000000 0.707107
vn -1.000000 0.000000 0.000000
vn -0.636727 -0.434922 0.636727
vn 0.000000 -0.434927 0.900466
vn 0.000000 0.000000 1.000000
vn -0.707107 0.000000 0.707107
vn 0.000000 -0.434927 0.900466
vn 0.636727 -0.434922 0.636727
vn 0.707107 0.000000 0.707107
vn 0.000000 0.000000 1.000000
vn 0.636727 -0.434922 0.636727
vn 0.900466 -0.434927 0.000000
vn 1.000000 0.000000 0.000000
vn 0.707107 0.000000 0.707107
vn 0.900466 -0.434927 0.000000
vn 0.636727 -0.434922 -0.636727
vn 0.707107 0.000000 -0.707107
vn 1.000000 0.000000 0.000000
vn 0.707107 0.000000 -0.707107
vn 0.000000 0.000000 -1.000000
vn 0.000000 0.434927 -0.900466
vn 0.636727 0.434922 -0.636727
vn 0.000000 0.000000 -1.000000
vn -0.707107 0.000000 -0.707107
vn -0.636727 0.434922 -0.636727
vn 0.000000 0.434927 -0.900466
vn -0.707107 0.000000 -0.707107
vn -1.000000 0.000000 0.000000
vn -0.900466 0.434927 0.000000
vn -0.636727 0.434922 -0.636727
vn -1.000000 0.000000 0.000000
vn -0.707107 0.000000 0.707107
vn -0.636727 0.434922 0.636727
vn -0.900466 0.434927 0.000000
vn -0.707107 0.000000 0.707107
vn 0.000000 0.000000 1.000000
vn 0.000000 0.434927 0.900466
vn -0.636727 0.434922 0.636727
vn 0.000000 0.000000 1.000000
vn 0.707107 0.000000 0.707107
vn 0.636727 0.434922 0.636727
vn 0.000000 0.434927 0.900466
vn 0.707107 0.000000 0.707107
vn 1.000000 0.000000 0.000000
vn 0.900466 0.434927 0.000000
vn 0.636727 0.434922 0.636727
vn 1.000000 0.000000 0.000000
vn 0.707107 0.000000 -0.707107
vn 0.636727 0.434922 -0.636727
vn 0.900466 0.434927 0.000000
vn 0.636727 0.434922 -0.636727
vn 0.000000 0.434927 -0.900466
vn 0.000000 0.772807 -0.634641
vn 0.448767 0.772798 -0.448767
vn 0.000000 0.434927 -0.900466
vn -0.636727 0.434922 -0.636727
vn -0.448767 0.772798 -0.448767
vn 0.000000 0.772807 -0.634641
vn -0.636727 0.434922 -0.636727
vn -0.900466 0.434927 0.000000
vn -0.634641 0.772807 0.000000
vn -0.448767 0.772798 -0.448767
vn -0.900466 0.434927 0.000000
vn -0.636727 0.434922 0.636727
vn -0.448767 0.772798 0.448767
vn -0.634641 0.772807 0.000000
vn -0.636727 0.434922 0.636727
vn 0.000000 0.434927 0.900466
vn 0.000000 0.772807 0.634641
vn -0.448767 0.772798 0.448767
vn 0.000000 0.434927 0.900466
vn 0.636727 0.434922 0.636727
vn 0.448767 0.772798 0.448767
vn 0.000000 0.772807 0.634641
vn 0.636727 0.434922 0.636727
vn 0.900466 0.434927 0.000000
vn 0.634641 0.772807 0.000000
vn 0.448767 0.772798 0.448767
vn 0.900466 0.434927 0.000000
vn 0.636727 0.434922 -0.636727
vn 0.448767 0.772798 -0.448767
vn 0.634641 0.772807 0.000000
vn 0.000000 -0.772807 -0.634641
vn 0.448767 -0.772798 -0.448767
vn 0.000000 -1.000000 0.000000
vn -0.448767 -0.772798 -0.448767
vn 0.000000 -0.772807 -0.634641
vn 0.000000 -1.000000 0.000000
vn -0.634641 -0.772807 0.000000
vn -0.448767 -0.772798 -0.448767
vn 0.000000 -1.000000 0.000000
vn -0.448767 -0.772798 0.448767
vn -0.634641 -0.772807 0.000000
vn 0.000000 -1.000000 0.000000
vn 0.000000 -0.772807 0.634641
vn -0.448767 -0.772798 0.448767
vn 0.000000 -1.000000 0.000000
vn 0.448767 -0.772798 0.448767
vn 0.000000 -0.772807 0.634641
vn 0.000000 -1.000000 0.000000
vn 0.634641 -0.772807 0.000000
vn 0.448767 -0.772798 0.448767
vn 0.000000 -1.000000 0.000000
vn 0.448767 -0.772798 -0.448767
vn 0.634641 -0.772807 0.000000
vn 0.000000 -1.000000 0.000000
vn 0.448767 0.772798 -0.448767
vn 0.000000 0.772807 -0.634641
vn 0.000000 1.000000 0.000000
vn 0.000000 0.772807 -0.634641
vn -0.448767 0.772798 -0.448767
vn 0.000000 1.000000 0.000000
vn -0.448767 0.772798 -0.448767
vn -0.634641 0.772807 0.000000
vn 0.000000 1.000000 0.000000
vn -0.634641 0.772807 0.000000
vn -0.448767 0.772798 0.448767
vn 0.000000 1.000000 0.000000
vn -0.448767 0.772798 0.448767
vn 0.000000 0.772807 0.634641
vn 0.000000 1.000000 0.000000
vn 0.000000 0.772807 0.634641
vn 0.448767 0.772798 0.448767
vn 0.000000 1.000000 0.000000
vn 0.448767 0.772798 0.448767
vn 0.634641 0.772807 0.000000
vn 0.000000 1.000000 0.000000
vn 0.634641 0.772807 0.000000
vn 0.448767 0.772798 -0.448767
vn 0.000000 1.000000 0.000000
s off
g Cross1 Cross:CrossPearl8
f 589/897/2465 590/898/2466 591/899/2467 592/900/2468
f 590/901/2469 593/902/2470 594/903/2471 591/904/2472
f 593/902/2473 595/905/2474 596/906/2475 594/903/2476
f 595/905/2477 597/907/2478 598/908/2479 596/906/2480
f 597/907/2481 599/909/2482 600/910/2483 598/908/2484
f 599/911/2485 601/912/2486 602/913/2487 600/914/2488
f 601/912/2489 603/915/2490 604/916/2491 602/913/2492
f 603/915/2493 589/897/2494 592/900/2495 604/916/2496
f 592/900/2497 591/899/2498 605/917/2499 606/918/2500
f 591/904/2501 594/903/2502 607/919/2503 605/920/2504
f 594/903/2505 596/906/2506 608/921/2507 607/919/2508
f 596/906/2509 598/908/2510 609/922/2511 608/921/2512
f 598/908/2513 600/910/2514 610/923/2515 609/922/2516
f 600/914/2517 602/913/2518 611/924/2519 610/925/2520
f 602/913/2521 604/916/2522 612/926/2523 611/924/2524
f 604/916/2525 592/900/2526 606/918/2527 612/926/2528
f 606/927/2529 605/928/2530 613/929/2531 614/930/2532
f 605/931/2533 607/932/2534 615/933/2535 613/934/2536
f 607/932/2537 608/935/2538 616/936/2539 615/933/2540
f 608/935/2541 609/937/2542 617/938/2543 616/936/2544
f 609/937/2545 610/939/2546 618/940/2547 617/938/2548
f 610/941/2549 611/942/2550 619/943/2551 618/944/2552
f 611/942/2553 612/945/2554 620/946/2555 619/943/2556
f 612/945/2557 606/927/2558 614/930/2559 620/946/2560
f 614/930/2561 613/929/2562 621/947/2563 622/948/2564
f 613/934/2565 615/933/2566 623/949/2567 621/950/2568
f 615/933/2569 616/936/2570 624/951/2571 623/949/2572
f 616/936/2573 617/938/2574 625/952/2575 624/951/2576
f 617/938/2577 618/940/2578 626/953/2579 625/952/2580
f 618/944/2581 619/943/2582 627/954/2583 626/955/2584
f 619/943/2585 620/946/2586 628/956/2587 627/954/2588
f 620/946/2589 614/930/2590 622/948/2591 628/956/2592
f 590/898/2593 589/897/2594 629/957/2595
f 593/902/2596 590/901/2597 629/958/2598
f 595/905/2599 593/902/2600 629/958/2601
f 597/907/2602 595/905/2603 629/958/2604
f 599/909/2605 597/907/2606 629/958/2607
f 601/912/2608 599/911/2609 629/957/2610
f 603/915/2611 601/912/2612 629/957/2613
f 589/897/2614 603/915/2615 629/957/2616
f 622/948/2617 621/947/2618 630/959/2619
f 621/950/2620 623/949/2621 630/960/2622
f 623/949/2623 624/951/2624 630/960/2625
f 624/951/2626 625/952/2627 630/960/2628
f 625/952/2629 626/953/2630 630/960/2631
f 626/955/2632 627/954/2633 630/959/2634
f 627/954/2635 628/956/2636 630/959/2637
f 628/956/2638 622/948/2639 630/959/2640
g default
v -1.575291 -0.621050 -13.245176
v -1.828908 -0.621050 -13.350226
v -1.828908 -0.358487 -13.612790
v -1.389631 -0.358487 -13.430834
v -2.082525 -0.621050 -13.245176
v -2.268184 -0.358487 -13.430834
v -2.187575 -0.621050 -12.991556
v -2.450139 -0.358487 -12.991556
v -2.082525 -0.621050 -12.737944
v -2.268184 -0.358487 -12.552280
v -1.828908 -0.621050 -12.632888
v -1.828908 -0.358487 -12.370330
v -1.575291 -0.621050 -12.737944
v -1.389631 -0.358487 -12.552280
v -1.470239 -0.621050 -12.991556
v -1.207675 -0.358487 -12.991556
v -1.828908 0.000181 -13.708890
v -1.321675 0.000181 -13.498792
v -2.336142 0.000181 -13.498792
v -2.546243 0.000181 -12.991556
v -2.336142 0.000181 -12.484322
v -1.828908 0.000181 -12.274224
v -1.321675 0.000181 -12.484322
v -1.111573 0.000181 -12.991556
v -1.828908 0.358849 -13.612790
v -1.389631 0.358849 -13.430834
v -2.268184 0.358849 -13.430834
v -2.450139 0.358849 -12.991556
v -2.268184 0.358849 -12.552280
v -1.828908 0.358849 -12.370330
v -1.389631 0.358849 -12.552280
v -1.207675 0.358849 -12.991556
v -1.828908 0.621411 -13.350226
v -1.575291 0.621411 -13.245176
v -2.082525 0.621411 -13.245176
v -2.187575 0.621411 -12.991556
v -2.082525 0.621411 -12.737944
v -1.828908 0.621411 -12.632888
v -1.575291 0.621411 -12.737944
v -1.470239 0.621411 -12.991556
v -1.828908 -0.717154 -12.991556
v -1.828908 0.717515 -12.991556
vt 0.042234 0.514667
vt 0.030147 0.505330
vt 0.041912 0.484930
vt 0.060200 0.504219
vt 0.306360 0.879553
vt 0.294271 0.888889
vt 0.276305 0.878442
vt 0.294593 0.859152
vt 0.289764 0.902973
vt 0.269295 0.902974
vt 0.294272 0.917056
vt 0.276306 0.927505
vt 0.306360 0.926392
vt 0.294595 0.946793
vt 0.030147 0.552170
vt 0.042235 0.542833
vt 0.060201 0.553281
vt 0.041914 0.572571
vt 0.046741 0.528750
vt 0.067211 0.528750
vt 0.058117 0.469457
vt 0.078922 0.495130
vt 0.257583 0.869354
vt 0.278389 0.843681
vt 0.248704 0.902974
vt 0.257585 0.936595
vt 0.278391 0.962267
vt 0.078923 0.562369
vt 0.058119 0.588043
vt 0.087803 0.528749
vt 0.765746 0.042534
vt 0.786558 0.016863
vt 0.802759 0.032339
vt 0.784467 0.051625
vt 0.820355 0.827604
vt 0.841161 0.853277
vt 0.822438 0.862366
vt 0.804151 0.843077
vt 0.850040 0.886896
vt 0.829448 0.886897
vt 0.841161 0.920516
vt 0.822439 0.911428
vt 0.820358 0.946190
vt 0.804152 0.930717
vt 0.786558 0.135445
vt 0.765746 0.109774
vt 0.784468 0.100683
vt 0.802759 0.119970
vt 0.756862 0.076153
vt 0.777456 0.076153
vt 0.814522 0.052739
vt 0.802433 0.062074
vt 0.804473 0.872814
vt 0.792385 0.863477
vt 0.808979 0.886897
vt 0.804473 0.900980
vt 0.792385 0.910316
vt 0.802433 0.090235
vt 0.814523 0.099571
vt 0.797926 0.076154
vt 0.025736 0.528751
vt 0.310770 0.902973
vt 0.818934 0.076155
vt 0.787974 0.886897
vn 0.281084 -0.678597 -0.678600
vn 0.281084 -0.678597 -0.678600
vn 0.281084 -0.678597 -0.678600
vn 0.281084 -0.678597 -0.678600
vn 0.000000 -0.772807 -0.634641
vn -0.448767 -0.772798 -0.448767
vn -0.636727 -0.434922 -0.636727
vn 0.000000 -0.434927 -0.900466
vn -0.448767 -0.772798 -0.448767
vn -0.634641 -0.772807 0.000000
vn -0.900466 -0.434927 0.000000
vn -0.636727 -0.434922 -0.636727
vn -0.634641 -0.772807 0.000000
vn -0.448767 -0.772798 0.448767
vn -0.636727 -0.434922 0.636727
vn -0.900466 -0.434927 0.000000
vn -0.448767 -0.772798 0.448767
vn 0.000000 -0.772807 0.634641
vn 0.000000 -0.434927 0.900466
vn -0.636727 -0.434922 0.636727
vn 0.000000 -0.772807 0.634641
vn 0.448767 -0.772798 0.448767
vn 0.636727 -0.434922 0.636727
vn 0.000000 -0.434927 0.900466
vn 0.448767 -0.772798 0.448767
vn 0.634641 -0.772807 0.000000
vn 0.900466 -0.434927 0.000000
vn 0.636727 -0.434922 0.636727
vn 0.634641 -0.772807 0.000000
vn 0.448767 -0.772798 -0.448767
vn 0.636727 -0.434922 -0.636727
vn 0.900466 -0.434927 0.000000
vn 0.636727 -0.434922 -0.636727
vn 0.000000 -0.434927 -0.900466
vn 0.000000 0.000000 -1.000000
vn 0.707107 0.000000 -0.707107
vn 0.000000 -0.434927 -0.900466
vn -0.636727 -0.434922 -0.636727
vn -0.707107 0.000000 -0.707107
vn 0.000000 0.000000 -1.000000
vn -0.636727 -0.434922 -0.636727
vn -0.900466 -0.434927 0.000000
vn -1.000000 0.000000 0.000000
vn -0.707107 0.000000 -0.707107
vn -0.900466 -0.434927 0.000000
vn -0.636727 -0.434922 0.636727
vn -0.707107 0.000000 0.707107
vn -1.000000 0.000000 0.000000
vn -0.636727 -0.434922 0.636727
vn 0.000000 -0.434927 0.900466
vn 0.000000 0.000000 1.000000
vn -0.707107 0.000000 0.707107
vn 0.000000 -0.434927 0.900466
vn 0.636727 -0.434922 0.636727
vn 0.707107 0.000000 0.707107
vn 0.000000 0.000000 1.000000
vn 0.636727 -0.434922 0.636727
vn 0.900466 -0.434927 0.000000
vn 1.000000 0.000000 0.000000
vn 0.707107 0.000000 0.707107
vn 0.900466 -0.434927 0.000000
vn 0.636727 -0.434922 -0.636727
vn 0.707107 0.000000 -0.707107
vn 1.000000 0.000000 0.000000
vn 0.707107 0.000000 -0.707107
vn 0.000000 0.000000 -1.000000
vn 0.000000 0.434927 -0.900466
vn 0.636727 0.434922 -0.636727
vn 0.000000 0.000000 -1.000000
vn -0.707107 0.000000 -0.707107
vn -0.636727 0.434922 -0.636727
vn 0.000000 0.434927 -0.900466
vn -0.707107 0.000000 -0.707107
vn -1.000000 0.000000 0.000000
vn -0.900466 0.434927 0.000000
vn -0.636727 0.434922 -0.636727
vn -1.000000 0.000000 0.000000
vn -0.707107 0.000000 0.707107
vn -0.636727 0.434922 0.636727
vn -0.900466 0.434927 0.000000
vn -0.707107 0.000000 0.707107
vn 0.000000 0.000000 1.000000
vn 0.000000 0.434927 0.900466
vn -0.636727 0.434922 0.636727
vn 0.000000 0.000000 1.000000
vn 0.707107 0.000000 0.707107
vn 0.636727 0.434922 0.636727
vn 0.000000 0.434927 0.900466
vn 0.707107 0.000000 0.707107
vn 1.000000 0.000000 0.000000
vn 0.900466 0.434927 0.000000
vn 0.636727 0.434922 0.636727
vn 1.000000 0.000000 0.000000
vn 0.707107 0.000000 -0.707107
vn 0.636727 0.434922 -0.636727
vn 0.900466 0.434927 0.000000
vn 0.636727 0.434922 -0.636727
vn 0.000000 0.434927 -0.900466
vn 0.000000 0.772807 -0.634641
vn 0.448767 0.772798 -0.448767
vn 0.000000 0.434927 -0.900466
vn -0.636727 0.434922 -0.636727
vn -0.448767 0.772798 -0.448767
vn 0.000000 0.772807 -0.634641
vn -0.636727 0.434922 -0.636727
vn -0.900466 0.434927 0.000000
vn -0.634641 0.772807 0.000000
vn -0.448767 0.772798 -0.448767
vn -0.900466 0.434927 0.000000
vn -0.636727 0.434922 0.636727
vn -0.448767 0.772798 0.448767
vn -0.634641 0.772807 0.000000
vn -0.636727 0.434922 0.636727
vn 0.000000 0.434927 0.900466
vn 0.000000 0.772807 0.634641
vn -0.448767 0.772798 0.448767
vn 0.000000 0.434927 0.900466
vn 0.636727 0.434922 0.636727
vn 0.448767 0.772798 0.448767
vn 0.000000 0.772807 0.634641
vn 0.636727 0.434922 0.636727
vn 0.900466 0.434927 0.000000
vn 0.634641 0.772807 0.000000
vn 0.448767 0.772798 0.448767
vn 0.900466 0.434927 0.000000
vn 0.636727 0.434922 -0.636727
vn 0.448767 0.772798 -0.448767
vn 0.634641 0.772807 0.000000
vn 0.000000 -0.772807 -0.634641
vn 0.448767 -0.772798 -0.448767
vn 0.000000 -1.000000 0.000000
vn -0.448767 -0.772798 -0.448767
vn 0.000000 -0.772807 -0.634641
vn 0.000000 -1.000000 0.000000
vn -0.634641 -0.772807 0.000000
vn -0.448767 -0.772798 -0.448767
vn 0.000000 -1.000000 0.000000
vn -0.448767 -0.772798 0.448767
vn -0.634641 -0.772807 0.000000
vn 0.000000 -1.000000 0.000000
vn 0.000000 -0.772807 0.634641
vn -0.448767 -0.772798 0.448767
vn 0.000000 -1.000000 0.000000
vn 0.448767 -0.772798 0.448767
vn 0.000000 -0.772807 0.634641
vn 0.000000 -1.000000 0.000000
vn 0.634641 -0.772807 0.000000
vn 0.448767 -0.772798 0.448767
vn 0.000000 -1.000000 0.000000
vn 0.448767 -0.772798 -0.448767
vn 0.634641 -0.772807 0.000000
vn 0.000000 -1.000000 0.000000
vn 0.448767 0.772798 -0.448767
vn 0.000000 0.772807 -0.634641
vn 0.000000 1.000000 0.000000
vn 0.000000 0.772807 -0.634641
vn -0.448767 0.772798 -0.448767
vn 0.000000 1.000000 0.000000
vn -0.448767 0.772798 -0.448767
vn -0.634641 0.772807 0.000000
vn 0.000000 1.000000 0.000000
vn -0.634641 0.772807 0.000000
vn -0.448767 0.772798 0.448767
vn 0.000000 1.000000 0.000000
vn -0.448767 0.772798 0.448767
vn 0.000000 0.772807 0.634641
vn 0.000000 1.000000 0.000000
vn 0.000000 0.772807 0.634641
vn 0.448767 0.772798 0.448767
vn 0.000000 1.000000 0.000000
vn 0.448767 0.772798 0.448767
vn 0.634641 0.772807 0.000000
vn 0.000000 1.000000 0.000000
vn 0.634641 0.772807 0.000000
vn 0.448767 0.772798 -0.448767
vn 0.000000 1.000000 0.000000
s off
g Cross1 Cross:CrossPearl7
f 631/961/2641 632/962/2642 633/963/2643 634/964/2644
f 632/965/2645 635/966/2646 636/967/2647 633/968/2648
f 635/966/2649 637/969/2650 638/970/2651 636/967/2652
f 637/969/2653 639/971/2654 640/972/2655 638/970/2656
f 639/971/2657 641/973/2658 642/974/2659 640/972/2660
f 641/975/2661 643/976/2662 644/977/2663 642/978/2664
f 643/976/2665 645/979/2666 646/980/2667 644/977/2668
f 645/979/2669 631/961/2670 634/964/2671 646/980/2672
f 634/964/2673 633/963/2674 647/981/2675 648/982/2676
f 633/968/2677 636/967/2678 649/983/2679 647/984/2680
f 636/967/2681 638/970/2682 650/985/2683 649/983/2684
f 638/970/2685 640/972/2686 651/986/2687 650/985/2688
f 640/972/2689 642/974/2690 652/987/2691 651/986/2692
f 642/978/2693 644/977/2694 653/988/2695 652/989/2696
f 644/977/2697 646/980/2698 654/990/2699 653/988/2700
f 646/980/2701 634/964/2702 648/982/2703 654/990/2704
f 648/991/2705 647/992/2706 655/993/2707 656/994/2708
f 647/995/2709 649/996/2710 657/997/2711 655/998/2712
f 649/996/2713 650/999/2714 658/1000/2715 657/997/2716
f 650/999/2717 651/1001/2718 659/1002/2719 658/1000/2720
f 651/1001/2721 652/1003/2722 660/1004/2723 659/1002/2724
f 652/1005/2725 653/1006/2726 661/1007/2727 660/1008/2728
f 653/1006/2729 654/1009/2730 662/1010/2731 661/1007/2732
f 654/1009/2733 648/991/2734 656/994/2735 662/1010/2736
f 656/994/2737 655/993/2738 663/1011/2739 664/1012/2740
f 655/998/2741 657/997/2742 665/1013/2743 663/1014/2744
f 657/997/2745 658/1000/2746 666/1015/2747 665/1013/2748
f 658/1000/2749 659/1002/2750 667/1016/2751 666/1015/2752
f 659/1002/2753 660/1004/2754 668/1017/2755 667/1016/2756
f 660/1008/2757 661/1007/2758 669/1018/2759 668/1019/2760
f 661/1007/2761 662/1010/2762 670/1020/2763 669/1018/2764
f 662/1010/2765 656/994/2766 664/1012/2767 670/1020/2768
f 632/962/2769 631/961/2770 671/1021/2771
f 635/966/2772 632/965/2773 671/1022/2774
f 637/969/2775 635/966/2776 671/1022/2777
f 639/971/2778 637/969/2779 671/1022/2780
f 641/973/2781 639/971/2782 671/1022/2783
f 643/976/2784 641/975/2785 671/1021/2786
f 645/979/2787 643/976/2788 671/1021/2789
f 631/961/2790 645/979/2791 671/1021/2792
f 664/1012/2793 663/1011/2794 672/1023/2795
f 663/1014/2796 665/1013/2797 672/1024/2798
f 665/1013/2799 666/1015/2800 672/1024/2801
f 666/1015/2802 667/1016/2803 672/1024/2804
f 667/1016/2805 668/1017/2806 672/1024/2807
f 668/1019/2808 669/1018/2809 672/1023/2810
f 669/1018/2811 670/1020/2812 672/1023/2813
f 670/1020/2814 664/1012/2815 672/1023/2816
g default
v -1.575291 -0.621050 -14.539968
v -1.828908 -0.621050 -14.645016
v -1.828908 -0.358487 -14.907582
v -1.389631 -0.358487 -14.725624
v -2.082525 -0.621050 -14.539968
v -2.268184 -0.358487 -14.725624
v -2.187575 -0.621050 -14.286352
v -2.450139 -0.358487 -14.286352
v -2.082525 -0.621050 -14.032736
v -2.268184 -0.358487 -13.847076
v -1.828908 -0.621050 -13.927684
v -1.828908 -0.358487 -13.665120
v -1.575291 -0.621050 -14.032736
v -1.389631 -0.358487 -13.847076
v -1.470239 -0.621050 -14.286352
v -1.207675 -0.358487 -14.286352
v -1.828908 0.000181 -15.003686
v -1.321675 0.000181 -14.793584
v -2.336142 0.000181 -14.793584
v -2.546243 0.000181 -14.286352
v -2.336142 0.000181 -13.779118
v -1.828908 0.000181 -13.569012
v -1.321675 0.000181 -13.779118
v -1.111573 0.000181 -14.286352
v -1.828908 0.358849 -14.907582
v -1.389631 0.358849 -14.725624
v -2.268184 0.358849 -14.725624
v -2.450139 0.358849 -14.286352
v -2.268184 0.358849 -13.847076
v -1.828908 0.358849 -13.665120
v -1.389631 0.358849 -13.847076
v -1.207675 0.358849 -14.286352
v -1.828908 0.621411 -14.645016
v -1.575291 0.621411 -14.539968
v -2.082525 0.621411 -14.539968
v -2.187575 0.621411 -14.286352
v -2.082525 0.621411 -14.032736
v -1.828908 0.621411 -13.927684
v -1.575291 0.621411 -14.032736
v -1.470239 0.621411 -14.286352
v -1.828908 -0.717154 -14.286352
v -1.828908 0.717515 -14.286352
vt 0.389648 0.547469
vt 0.377560 0.538132
vt 0.389327 0.517732
vt 0.407614 0.537021
vt 0.819704 0.626265
vt 0.807615 0.635601
vt 0.789650 0.625154
vt 0.807937 0.605864
vt 0.803108 0.649685
vt 0.782639 0.649685
vt 0.807615 0.663768
vt 0.789650 0.674217
vt 0.819704 0.673104
vt 0.807938 0.693505
vt 0.377562 0.584972
vt 0.389649 0.575635
vt 0.407615 0.586083
vt 0.389328 0.605373
vt 0.394156 0.561552
vt 0.414625 0.561552
vt 0.405531 0.502259
vt 0.426336 0.527932
vt 0.770928 0.616065
vt 0.791733 0.590392
vt 0.762048 0.649685
vt 0.770928 0.683306
vt 0.791734 0.708978
vt 0.426337 0.595171
vt 0.405533 0.620845
vt 0.435217 0.561551
vt 0.599814 0.761614
vt 0.620623 0.735942
vt 0.636825 0.751416
vt 0.618535 0.770704
vt 0.918879 0.364858
vt 0.939682 0.390533
vt 0.920960 0.399620
vt 0.902674 0.380330
vt 0.948561 0.424153
vt 0.927969 0.424152
vt 0.939679 0.457772
vt 0.920957 0.448683
vt 0.918874 0.483444
vt 0.902669 0.467971
vt 0.620615 0.854528
vt 0.599810 0.828854
vt 0.618532 0.819767
vt 0.636820 0.839056
vt 0.590933 0.795233
vt 0.611524 0.795235
vt 0.648590 0.771817
vt 0.636501 0.781153
vt 0.902994 0.410067
vt 0.890907 0.400730
vt 0.907500 0.424151
vt 0.902992 0.438233
vt 0.890904 0.447569
vt 0.636500 0.809319
vt 0.648587 0.818655
vt 0.631994 0.795236
vt 0.373150 0.561553
vt 0.824114 0.649684
vt 0.652999 0.795236
vt 0.886495 0.424150
vn 0.281084 -0.678599 -0.678598
vn 0.281084 -0.678599 -0.678598
vn 0.281084 -0.678599 -0.678598
vn 0.281084 -0.678599 -0.678598
vn 0.000000 -0.772807 -0.634641
vn -0.448767 -0.772798 -0.448767
vn -0.636727 -0.434922 -0.636727
vn 0.000000 -0.434927 -0.900466
vn -0.448767 -0.772798 -0.448767
vn -0.634641 -0.772807 0.000000
vn -0.900466 -0.434927 0.000000
vn -0.636727 -0.434922 -0.636727
vn -0.634641 -0.772807 0.000000
vn -0.448767 -0.772798 0.448767
vn -0.636727 -0.434922 0.636727
vn -0.900466 -0.434927 0.000000
vn -0.448767 -0.772798 0.448767
vn 0.000000 -0.772807 0.634641
vn 0.000000 -0.434927 0.900466
vn -0.636727 -0.434922 0.636727
vn 0.000000 -0.772807 0.634641
vn 0.448767 -0.772798 0.448767
vn 0.636727 -0.434922 0.636727
vn 0.000000 -0.434927 0.900466
vn 0.448767 -0.772798 0.448767
vn 0.634641 -0.772807 0.000000
vn 0.900466 -0.434927 0.000000
vn 0.636727 -0.434922 0.636727
vn 0.634641 -0.772807 0.000000
vn 0.448767 -0.772798 -0.448767
vn 0.636727 -0.434922 -0.636727
vn 0.900466 -0.434927 0.000000
vn 0.636727 -0.434922 -0.636727
vn 0.000000 -0.434927 -0.900466
vn 0.000000 0.000000 -1.000000
vn 0.707107 0.000000 -0.707107
vn 0.000000 -0.434927 -0.900466
vn -0.636727 -0.434922 -0.636727
vn -0.707107 0.000000 -0.707107
vn 0.000000 0.000000 -1.000000
vn -0.636727 -0.434922 -0.636727
vn -0.900466 -0.434927 0.000000
vn -1.000000 0.000000 0.000000
vn -0.707107 0.000000 -0.707107
vn -0.900466 -0.434927 0.000000
vn -0.636727 -0.434922 0.636727
vn -0.707107 0.000000 0.707107
vn -1.000000 0.000000 0.000000
vn -0.636727 -0.434922 0.636727
vn 0.000000 -0.434927 0.900466
vn 0.000000 0.000000 1.000000
vn -0.707107 0.000000 0.707107
vn 0.000000 -0.434927 0.900466
vn 0.636727 -0.434922 0.636727
vn 0.707107 0.000000 0.707107
vn 0.000000 0.000000 1.000000
vn 0.636727 -0.434922 0.636727
vn 0.900466 -0.434927 0.000000
vn 1.000000 0.000000 0.000000
vn 0.707107 0.000000 0.707107
vn 0.900466 -0.434927 0.000000
vn 0.636727 -0.434922 -0.636727
vn 0.707107 0.000000 -0.707107
vn 1.000000 0.000000 0.000000
vn 0.707107 0.000000 -0.707107
vn 0.000000 0.000000 -1.000000
vn 0.000000 0.434927 -0.900466
vn 0.636727 0.434922 -0.636727
vn 0.000000 0.000000 -1.000000
vn -0.707107 0.000000 -0.707107
vn -0.636727 0.434922 -0.636727
vn 0.000000 0.434927 -0.900466
vn -0.707107 0.000000 -0.707107
vn -1.000000 0.000000 0.000000
vn -0.900466 0.434927 0.000000
vn -0.636727 0.434922 -0.636727
vn -1.000000 0.000000 0.000000
vn -0.707107 0.000000 0.707107
vn -0.636727 0.434922 0.636727
vn -0.900466 0.434927 0.000000
vn -0.707107 0.000000 0.707107
vn 0.000000 0.000000 1.000000
vn 0.000000 0.434927 0.900466
vn -0.636727 0.434922 0.636727
vn 0.000000 0.000000 1.000000
vn 0.707107 0.000000 0.707107
vn 0.636727 0.434922 0.636727
vn 0.000000 0.434927 0.900466
vn 0.707107 0.000000 0.707107
vn 1.000000 0.000000 0.000000
vn 0.900466 0.434927 0.000000
vn 0.636727 0.434922 0.636727
vn 1.000000 0.000000 0.000000
vn 0.707107 0.000000 -0.707107
vn 0.636727 0.434922 -0.636727
vn 0.900466 0.434927 0.000000
vn 0.636727 0.434922 -0.636727
vn 0.000000 0.434927 -0.900466
vn 0.000000 0.772807 -0.634641
vn 0.448767 0.772798 -0.448767
vn 0.000000 0.434927 -0.900466
vn -0.636727 0.434922 -0.636727
vn -0.448767 0.772798 -0.448767
vn 0.000000 0.772807 -0.634641
vn -0.636727 0.434922 -0.636727
vn -0.900466 0.434927 0.000000
vn -0.634641 0.772807 0.000000
vn -0.448767 0.772798 -0.448767
vn -0.900466 0.434927 0.000000
vn -0.636727 0.434922 0.636727
vn -0.448767 0.772798 0.448767
vn -0.634641 0.772807 0.000000
vn -0.636727 0.434922 0.636727
vn 0.000000 0.434927 0.900466
vn 0.000000 0.772807 0.634641
vn -0.448767 0.772798 0.448767
vn 0.000000 0.434927 0.900466
vn 0.636727 0.434922 0.636727
vn 0.448767 0.772798 0.448767
vn 0.000000 0.772807 0.634641
vn 0.636727 0.434922 0.636727
vn 0.900466 0.434927 0.000000
vn 0.634641 0.772807 0.000000
vn 0.448767 0.772798 0.448767
vn 0.900466 0.434927 0.000000
vn 0.636727 0.434922 -0.636727
vn 0.448767 0.772798 -0.448767
vn 0.634641 0.772807 0.000000
vn 0.000000 -0.772807 -0.634641
vn 0.448767 -0.772798 -0.448767
vn 0.000000 -1.000000 0.000000
vn -0.448767 -0.772798 -0.448767
vn 0.000000 -0.772807 -0.634641
vn 0.000000 -1.000000 0.000000
vn -0.634641 -0.772807 0.000000
vn -0.448767 -0.772798 -0.448767
vn 0.000000 -1.000000 0.000000
vn -0.448767 -0.772798 0.448767
vn -0.634641 -0.772807 0.000000
vn 0.000000 -1.000000 0.000000
vn 0.000000 -0.772807 0.634641
vn -0.448767 -0.772798 0.448767
vn 0.000000 -1.000000 0.000000
vn 0.448767 -0.772798 0.448767
vn 0.000000 -0.772807 0.634641
vn 0.000000 -1.000000 0.000000
vn 0.634641 -0.772807 0.000000
vn 0.448767 -0.772798 0.448767
vn 0.000000 -1.000000 0.000000
vn 0.448767 -0.772798 -0.448767
vn 0.634641 -0.772807 0.000000
vn 0.000000 -1.000000 0.000000
vn 0.448767 0.772798 -0.448767
vn 0.000000 0.772807 -0.634641
vn 0.000000 1.000000 0.000000
vn 0.000000 0.772807 -0.634641
vn -0.448767 0.772798 -0.448767
vn 0.000000 1.000000 0.000000
vn -0.448767 0.772798 -0.448767
vn -0.634641 0.772807 0.000000
vn 0.000000 1.000000 0.000000
vn -0.634641 0.772807 0.000000
vn -0.448767 0.772798 0.448767
vn 0.000000 1.000000 0.000000
vn -0.448767 0.772798 0.448767
vn 0.000000 0.772807 0.634641
vn 0.000000 1.000000 0.000000
vn 0.000000 0.772807 0.634641
vn 0.448767 0.772798 0.448767
vn 0.000000 1.000000 0.000000
vn 0.448767 0.772798 0.448767
vn 0.634641 0.772807 0.000000
vn 0.000000 1.000000 0.000000
vn 0.634641 0.772807 0.000000
vn 0.448767 0.772798 -0.448767
vn 0.000000 1.000000 0.000000
s off
g Cross1 Cross:CrossPearl6
f 673/1025/2817 674/1026/2818 675/1027/2819 676/1028/2820
f 674/1029/2821 677/1030/2822 678/1031/2823 675/1032/2824
f 677/1030/2825 679/1033/2826 680/1034/2827 678/1031/2828
f 679/1033/2829 681/1035/2830 682/1036/2831 680/1034/2832
f 681/1035/2833 683/1037/2834 684/1038/2835 682/1036/2836
f 683/1039/2837 685/1040/2838 686/1041/2839 684/1042/2840
f 685/1040/2841 687/1043/2842 688/1044/2843 686/1041/2844
f 687/1043/2845 673/1025/2846 676/1028/2847 688/1044/2848
f 676/1028/2849 675/1027/2850 689/1045/2851 690/1046/2852
f 675/1032/2853 678/1031/2854 691/1047/2855 689/1048/2856
f 678/1031/2857 680/1034/2858 692/1049/2859 691/1047/2860
f 680/1034/2861 682/1036/2862 693/1050/2863 692/1049/2864
f 682/1036/2865 684/1038/2866 694/1051/2867 693/1050/2868
f 684/1042/2869 686/1041/2870 695/1052/2871 694/1053/2872
f 686/1041/2873 688/1044/2874 696/1054/2875 695/1052/2876
f 688/1044/2877 676/1028/2878 690/1046/2879 696/1054/2880
f 690/1055/2881 689/1056/2882 697/1057/2883 698/1058/2884
f 689/1059/2885 691/1060/2886 699/1061/2887 697/1062/2888
f 691/1060/2889 692/1063/2890 700/1064/2891 699/1061/2892
f 692/1063/2893 693/1065/2894 701/1066/2895 700/1064/2896
f 693/1065/2897 694/1067/2898 702/1068/2899 701/1066/2900
f 694/1069/2901 695/1070/2902 703/1071/2903 702/1072/2904
f 695/1070/2905 696/1073/2906 704/1074/2907 703/1071/2908
f 696/1073/2909 690/1055/2910 698/1058/2911 704/1074/2912
f 698/1058/2913 697/1057/2914 705/1075/2915 706/1076/2916
f 697/1062/2917 699/1061/2918 707/1077/2919 705/1078/2920
f 699/1061/2921 700/1064/2922 708/1079/2923 707/1077/2924
f 700/1064/2925 701/1066/2926 709/1080/2927 708/1079/2928
f 701/1066/2929 702/1068/2930 710/1081/2931 709/1080/2932
f 702/1072/2933 703/1071/2934 711/1082/2935 710/1083/2936
f 703/1071/2937 704/1074/2938 712/1084/2939 711/1082/2940
f 704/1074/2941 698/1058/2942 706/1076/2943 712/1084/2944
f 674/1026/2945 673/1025/2946 713/1085/2947
f 677/1030/2948 674/1029/2949 713/1086/2950
f 679/1033/2951 677/1030/2952 713/1086/2953
f 681/1035/2954 679/1033/2955 713/1086/2956
f 683/1037/2957 681/1035/2958 713/1086/2959
f 685/1040/2960 683/1039/2961 713/1085/2962
f 687/1043/2963 685/1040/2964 713/1085/2965
f 673/1025/2966 687/1043/2967 713/1085/2968
f 706/1076/2969 705/1075/2970 714/1087/2971
f 705/1078/2972 707/1077/2973 714/1088/2974
f 707/1077/2975 708/1079/2976 714/1088/2977
f 708/1079/2978 709/1080/2979 714/1088/2980
f 709/1080/2981 710/1081/2982 714/1088/2983
f 710/1083/2984 711/1082/2985 714/1087/2986
f 711/1082/2987 712/1084/2988 714/1087/2989
f 712/1084/2990 706/1076/2991 714/1087/2992
g default
v 2.222145 -0.621050 -14.539968
v 1.968529 -0.621050 -14.645016
v 1.968529 -0.358487 -14.907582
v 2.407806 -0.358487 -14.725624
v 1.714911 -0.621050 -14.539968
v 1.529252 -0.358487 -14.725624
v 1.609859 -0.621050 -14.286352
v 1.347296 -0.358487 -14.286352
v 1.714911 -0.621050 -14.032736
v 1.529252 -0.358487 -13.847076
v 1.968529 -0.621050 -13.927684
v 1.968529 -0.358487 -13.665120
v 2.222145 -0.621050 -14.032736
v 2.407806 -0.358487 -13.847076
v 2.327196 -0.621050 -14.286352
v 2.589761 -0.358487 -14.286352
v 1.968529 0.000181 -15.003686
v 2.475759 0.000181 -14.793584
v 1.461296 0.000181 -14.793584
v 1.251192 0.000181 -14.286352
v 1.461296 0.000181 -13.779118
v 1.968529 0.000181 -13.569012
v 2.475759 0.000181 -13.779118
v 2.685864 0.000181 -14.286352
v 1.968529 0.358849 -14.907582
v 2.407806 0.358849 -14.725624
v 1.529252 0.358849 -14.725624
v 1.347296 0.358849 -14.286352
v 1.529252 0.358849 -13.847076
v 1.968529 0.358849 -13.665120
v 2.407806 0.358849 -13.847076
v 2.589761 0.358849 -14.286352
v 1.968529 0.621411 -14.645016
v 2.222145 0.621411 -14.539968
v 1.714911 0.621411 -14.539968
v 1.609859 0.621411 -14.286352
v 1.714911 0.621411 -14.032736
v 1.968529 0.621411 -13.927684
v 2.222145 0.621411 -14.032736
v 2.327196 0.621411 -14.286352
v 1.968529 -0.717154 -14.286352
v 1.968529 0.717515 -14.286352
vt 0.902993 0.291512
vt 0.890906 0.282175
vt 0.902672 0.261775
vt 0.920960 0.281064
vt 0.192284 0.631246
vt 0.180196 0.640582
vt 0.162230 0.630134
vt 0.180519 0.610845
vt 0.175689 0.654665
vt 0.155220 0.654665
vt 0.180196 0.668748
vt 0.162229 0.679196
vt 0.192283 0.678085
vt 0.180517 0.698485
vt 0.890905 0.329014
vt 0.902993 0.319678
vt 0.920958 0.330126
vt 0.902672 0.349415
vt 0.907500 0.305595
vt 0.927969 0.305595
vt 0.918876 0.246302
vt 0.939681 0.271975
vt 0.143509 0.621044
vt 0.164315 0.595372
vt 0.134627 0.654664
vt 0.143507 0.688284
vt 0.164312 0.713958
vt 0.939681 0.339214
vt 0.918876 0.364888
vt 0.948562 0.305595
vt 0.594628 0.600086
vt 0.615433 0.574412
vt 0.631637 0.589885
vt 0.613348 0.609174
vt 0.794431 0.472330
vt 0.815234 0.498004
vt 0.796512 0.507092
vt 0.778225 0.487802
vt 0.824114 0.531623
vt 0.803522 0.531623
vt 0.815234 0.565243
vt 0.796511 0.556153
vt 0.794428 0.590915
vt 0.778224 0.575443
vt 0.615434 0.692998
vt 0.594629 0.667326
vt 0.613349 0.658237
vt 0.631639 0.677525
vt 0.585747 0.633706
vt 0.606339 0.633706
vt 0.643403 0.610285
vt 0.631316 0.619622
vt 0.778545 0.517539
vt 0.766459 0.508202
vt 0.783052 0.531622
vt 0.778545 0.545705
vt 0.766458 0.555042
vt 0.631316 0.647788
vt 0.643404 0.657124
vt 0.626809 0.633705
vt 0.886495 0.305595
vt 0.196694 0.654665
vt 0.647814 0.633704
vt 0.762047 0.531622
vn 0.281084 -0.678599 -0.678598
vn 0.281084 -0.678599 -0.678598
vn 0.281084 -0.678599 -0.678598
vn 0.281084 -0.678599 -0.678598
vn 0.000000 -0.772807 -0.634641
vn -0.448767 -0.772798 -0.448767
vn -0.636727 -0.434922 -0.636727
vn 0.000000 -0.434927 -0.900466
vn -0.448767 -0.772798 -0.448767
vn -0.634641 -0.772807 0.000000
vn -0.900466 -0.434927 0.000000
vn -0.636727 -0.434922 -0.636727
vn -0.634641 -0.772807 0.000000
vn -0.448767 -0.772798 0.448767
vn -0.636727 -0.434922 0.636727
vn -0.900466 -0.434927 0.000000
vn -0.448767 -0.772798 0.448767
vn 0.000000 -0.772807 0.634641
vn 0.000000 -0.434927 0.900466
vn -0.636727 -0.434922 0.636727
vn 0.000000 -0.772807 0.634641
vn 0.448767 -0.772798 0.448767
vn 0.636727 -0.434922 0.636727
vn 0.000000 -0.434927 0.900466
vn 0.448767 -0.772798 0.448767
vn 0.634641 -0.772807 0.000000
vn 0.900466 -0.434927 0.000000
vn 0.636727 -0.434922 0.636727
vn 0.634641 -0.772807 0.000000
vn 0.448767 -0.772798 -0.448767
vn 0.636727 -0.434922 -0.636727
vn 0.900466 -0.434927 0.000000
vn 0.636727 -0.434922 -0.636727
vn 0.000000 -0.434927 -0.900466
vn 0.000000 0.000000 -1.000000
vn 0.707107 0.000000 -0.707107
vn 0.000000 -0.434927 -0.900466
vn -0.636727 -0.434922 -0.636727
vn -0.707107 0.000000 -0.707107
vn 0.000000 0.000000 -1.000000
vn -0.636727 -0.434922 -0.636727
vn -0.900466 -0.434927 0.000000
vn -1.000000 0.000000 0.000000
vn -0.707107 0.000000 -0.707107
vn -0.900466 -0.434927 0.000000
vn -0.636727 -0.434922 0.636727
vn -0.707107 0.000000 0.707107
vn -1.000000 0.000000 0.000000
vn -0.636727 -0.434922 0.636727
vn 0.000000 -0.434927 0.900466
vn 0.000000 0.000000 1.000000
vn -0.707107 0.000000 0.707107
vn 0.000000 -0.434927 0.900466
vn 0.636727 -0.434922 0.636727
vn 0.707107 0.000000 0.707107
vn 0.000000 0.000000 1.000000
vn 0.636727 -0.434922 0.636727
vn 0.900466 -0.434927 0.000000
vn 1.000000 0.000000 0.000000
vn 0.707107 0.000000 0.707107
vn 0.900466 -0.434927 0.000000
vn 0.636727 -0.434922 -0.636727
vn 0.707107 0.000000 -0.707107
vn 1.000000 0.000000 0.000000
vn 0.707107 0.000000 -0.707107
vn 0.000000 0.000000 -1.000000
vn 0.000000 0.434927 -0.900466
vn 0.636727 0.434922 -0.636727
vn 0.000000 0.000000 -1.000000
vn -0.707107 0.000000 -0.707107
vn -0.636727 0.434922 -0.636727
vn 0.000000 0.434927 -0.900466
vn -0.707107 0.000000 -0.707107
vn -1.000000 0.000000 0.000000
vn -0.900466 0.434927 0.000000
vn -0.636727 0.434922 -0.636727
vn -1.000000 0.000000 0.000000
vn -0.707107 0.000000 0.707107
vn -0.636727 0.434922 0.636727
vn -0.900466 0.434927 0.000000
vn -0.707107 0.000000 0.707107
vn 0.000000 0.000000 1.000000
vn 0.000000 0.434927 0.900466
vn -0.636727 0.434922 0.636727
vn 0.000000 0.000000 1.000000
vn 0.707107 0.000000 0.707107
vn 0.636727 0.434922 0.636727
vn 0.000000 0.434927 0.900466
vn 0.707107 0.000000 0.707107
vn 1.000000 0.000000 0.000000
vn 0.900466 0.434927 0.000000
vn 0.636727 0.434922 0.636727
vn 1.000000 0.000000 0.000000
vn 0.707107 0.000000 -0.707107
vn 0.636727 0.434922 -0.636727
vn 0.900466 0.434927 0.000000
vn 0.636727 0.434922 -0.636727
vn 0.000000 0.434927 -0.900466
vn 0.000000 0.772807 -0.634641
vn 0.448767 0.772798 -0.448767
vn 0.000000 0.434927 -0.900466
vn -0.636727 0.434922 -0.636727
vn -0.448767 0.772798 -0.448767
vn 0.000000 0.772807 -0.634641
vn -0.636727 0.434922 -0.636727
vn -0.900466 0.434927 0.000000
vn -0.634641 0.772807 0.000000
vn -0.448767 0.772798 -0.448767
vn -0.900466 0.434927 0.000000
vn -0.636727 0.434922 0.636727
vn -0.448767 0.772798 0.448767
vn -0.634641 0.772807 0.000000
vn -0.636727 0.434922 0.636727
vn 0.000000 0.434927 0.900466
vn 0.000000 0.772807 0.634641
vn -0.448767 0.772798 0.448767
vn 0.000000 0.434927 0.900466
vn 0.636727 0.434922 0.636727
vn 0.448767 0.772798 0.448767
vn 0.000000 0.772807 0.634641
vn 0.636727 0.434922 0.636727
vn 0.900466 0.434927 0.000000
vn 0.634641 0.772807 0.000000
vn 0.448767 0.772798 0.448767
vn 0.900466 0.434927 0.000000
vn 0.636727 0.434922 -0.636727
vn 0.448767 0.772798 -0.448767
vn 0.634641 0.772807 0.000000
vn 0.000000 -0.772807 -0.634641
vn 0.448767 -0.772798 -0.448767
vn 0.000000 -1.000000 0.000000
vn -0.448767 -0.772798 -0.448767
vn 0.000000 -0.772807 -0.634641
vn 0.000000 -1.000000 0.000000
vn -0.634641 -0.772807 0.000000
vn -0.448767 -0.772798 -0.448767
vn 0.000000 -1.000000 0.000000
vn -0.448767 -0.772798 0.448767
vn -0.634641 -0.772807 0.000000
vn 0.000000 -1.000000 0.000000
vn 0.000000 -0.772807 0.634641
vn -0.448767 -0.772798 0.448767
vn 0.000000 -1.000000 0.000000
vn 0.448767 -0.772798 0.448767
vn 0.000000 -0.772807 0.634641
vn 0.000000 -1.000000 0.000000
vn 0.634641 -0.772807 0.000000
vn 0.448767 -0.772798 0.448767
vn 0.000000 -1.000000 0.000000
vn 0.448767 -0.772798 -0.448767
vn 0.634641 -0.772807 0.000000
vn 0.000000 -1.000000 0.000000
vn 0.448767 0.772798 -0.448767
vn 0.000000 0.772807 -0.634641
vn 0.000000 1.000000 0.000000
vn 0.000000 0.772807 -0.634641
vn -0.448767 0.772798 -0.448767
vn 0.000000 1.000000 0.000000
vn -0.448767 0.772798 -0.448767
vn -0.634641 0.772807 0.000000
vn 0.000000 1.000000 0.000000
vn -0.634641 0.772807 0.000000
vn -0.448767 0.772798 0.448767
vn 0.000000 1.000000 0.000000
vn -0.448767 0.772798 0.448767
vn 0.000000 0.772807 0.634641
vn 0.000000 1.000000 0.000000
vn 0.000000 0.772807 0.634641
vn 0.448767 0.772798 0.448767
vn 0.000000 1.000000 0.000000
vn 0.448767 0.772798 0.448767
vn 0.634641 0.772807 0.000000
vn 0.000000 1.000000 0.000000
vn 0.634641 0.772807 0.000000
vn 0.448767 0.772798 -0.448767
vn 0.000000 1.000000 0.000000
s off
g Cross1 Cross:CrossPearl5
f 715/1089/2993 716/1090/2994 717/1091/2995 718/1092/2996
f 716/1093/2997 719/1094/2998 720/1095/2999 717/1096/3000
f 719/1094/3001 721/1097/3002 722/1098/3003 720/1095/3004
f 721/1097/3005 723/1099/3006 724/1100/3007 722/1098/3008
f 723/1099/3009 725/1101/3010 726/1102/3011 724/1100/3012
f 725/1103/3013 727/1104/3014 728/1105/3015 726/1106/3016
f 727/1104/3017 729/1107/3018 730/1108/3019 728/1105/3020
f 729/1107/3021 715/1089/3022 718/1092/3023 730/1108/3024
f 718/1092/3025 717/1091/3026 731/1109/3027 732/1110/3028
f 717/1096/3029 720/1095/3030 733/1111/3031 731/1112/3032
f 720/1095/3033 722/1098/3034 734/1113/3035 733/1111/3036
f 722/1098/3037 724/1100/3038 735/1114/3039 734/1113/3040
f 724/1100/3041 726/1102/3042 736/1115/3043 735/1114/3044
f 726/1106/3045 728/1105/3046 737/1116/3047 736/1117/3048
f 728/1105/3049 730/1108/3050 738/1118/3051 737/1116/3052
f 730/1108/3053 718/1092/3054 732/1110/3055 738/1118/3056
f 732/1119/3057 731/1120/3058 739/1121/3059 740/1122/3060
f 731/1123/3061 733/1124/3062 741/1125/3063 739/1126/3064
f 733/1124/3065 734/1127/3066 742/1128/3067 741/1125/3068
f 734/1127/3069 735/1129/3070 743/1130/3071 742/1128/3072
f 735/1129/3073 736/1131/3074 744/1132/3075 743/1130/3076
f 736/1133/3077 737/1134/3078 745/1135/3079 744/1136/3080
f 737/1134/3081 738/1137/3082 746/1138/3083 745/1135/3084
f 738/1137/3085 732/1119/3086 740/1122/3087 746/1138/3088
f 740/1122/3089 739/1121/3090 747/1139/3091 748/1140/3092
f 739/1126/3093 741/1125/3094 749/1141/3095 747/1142/3096
f 741/1125/3097 742/1128/3098 750/1143/3099 749/1141/3100
f 742/1128/3101 743/1130/3102 751/1144/3103 750/1143/3104
f 743/1130/3105 744/1132/3106 752/1145/3107 751/1144/3108
f 744/1136/3109 745/1135/3110 753/1146/3111 752/1147/3112
f 745/1135/3113 746/1138/3114 754/1148/3115 753/1146/3116
f 746/1138/3117 740/1122/3118 748/1140/3119 754/1148/3120
f 716/1090/3121 715/1089/3122 755/1149/3123
f 719/1094/3124 716/1093/3125 755/1150/3126
f 721/1097/3127 719/1094/3128 755/1150/3129
f 723/1099/3130 721/1097/3131 755/1150/3132
f 725/1101/3133 723/1099/3134 755/1150/3135
f 727/1104/3136 725/1103/3137 755/1149/3138
f 729/1107/3139 727/1104/3140 755/1149/3141
f 715/1089/3142 729/1107/3143 755/1149/3144
f 748/1140/3145 747/1139/3146 756/1151/3147
f 747/1142/3148 749/1141/3149 756/1152/3150
f 749/1141/3151 750/1143/3152 756/1152/3153
f 750/1143/3154 751/1144/3155 756/1152/3156
f 751/1144/3157 752/1145/3158 756/1152/3159
f 752/1147/3160 753/1146/3161 756/1151/3162
f 753/1146/3163 754/1148/3164 756/1151/3165
f 754/1148/3166 748/1140/3167 756/1151/3168
g default
v 1.991220 -0.621050 -7.007608
v 1.737603 -0.621050 -7.112657
v 1.737603 -0.358487 -7.375223
v 2.176881 -0.358487 -7.193268
v 1.483987 -0.621050 -7.007608
v 1.298326 -0.358487 -7.193268
v 1.378934 -0.621050 -6.753989
v 1.116371 -0.358487 -6.753989
v 1.483987 -0.621050 -6.500372
v 1.298326 -0.358487 -6.314713
v 1.737603 -0.621050 -6.395323
v 1.737603 -0.358487 -6.132759
v 1.991220 -0.621050 -6.500372
v 2.176881 -0.358487 -6.314713
v 2.096272 -0.621050 -6.753989
v 2.358835 -0.358487 -6.753989
v 1.737603 0.000181 -7.471325
v 2.244837 0.000181 -7.261223
v 1.230371 0.000181 -7.261223
v 1.020268 0.000181 -6.753989
v 1.230371 0.000181 -6.246757
v 1.737603 0.000181 -6.036654
v 2.244837 0.000181 -6.246757
v 2.454939 0.000181 -6.753989
v 1.737603 0.358849 -7.375223
v 2.176881 0.358849 -7.193268
v 1.298326 0.358849 -7.193268
v 1.116371 0.358849 -6.753989
v 1.298326 0.358849 -6.314713
v 1.737603 0.358849 -6.132759
v 2.176881 0.358849 -6.314713
v 2.358835 0.358849 -6.753989
v 1.737603 0.621411 -7.112657
v 1.991220 0.621411 -7.007608
v 1.483987 0.621411 -7.007608
v 1.378934 0.621411 -6.753989
v 1.483987 0.621411 -6.500372
v 1.737603 0.621411 -6.395323
v 1.991220 0.621411 -6.500372
v 2.096272 0.621411 -6.753989
v 1.737603 -0.717154 -6.753989
v 1.737603 0.717515 -6.753989
vt 0.871882 0.200692
vt 0.859791 0.191357
vt 0.871553 0.170957
vt 0.889846 0.190242
vt 0.373776 0.052728
vt 0.361686 0.062063
vt 0.343720 0.051614
vt 0.362017 0.032329
vt 0.357178 0.076141
vt 0.336706 0.076141
vt 0.361686 0.090219
vt 0.343721 0.100668
vt 0.373777 0.099553
vt 0.362018 0.119952
vt 0.859794 0.238190
vt 0.871883 0.228854
vt 0.889849 0.239301
vt 0.871557 0.258588
vt 0.876390 0.214772
vt 0.896860 0.214772
vt 0.887754 0.155481
vt 0.908567 0.181151
vt 0.324999 0.042520
vt 0.345818 0.016851
vt 0.316113 0.076141
vt 0.325000 0.109762
vt 0.345819 0.135430
vt 0.908571 0.248391
vt 0.887761 0.274063
vt 0.917453 0.214770
vt 0.770931 0.159720
vt 0.791744 0.134051
vt 0.807945 0.149526
vt 0.789653 0.168812
vt 0.054421 0.971428
vt 0.034048 0.945407
vt 0.052921 0.936635
vt 0.070883 0.956230
vt 0.025736 0.911640
vt 0.046326 0.911990
vt 0.035191 0.878176
vt 0.053754 0.887583
vt 0.056435 0.852862
vt 0.072372 0.868610
vt 0.791741 0.252632
vt 0.770930 0.226962
vt 0.789652 0.217870
vt 0.807944 0.237157
vt 0.762047 0.193341
vt 0.782641 0.193341
vt 0.819707 0.169926
vt 0.807618 0.179261
vt 0.071062 0.926493
vt 0.082990 0.936033
vt 0.066794 0.912338
vt 0.071540 0.898336
vt 0.083786 0.889207
vt 0.807618 0.207422
vt 0.819707 0.216758
vt 0.803111 0.193341
vt 0.855383 0.214774
vt 0.378187 0.076141
vt 0.824118 0.193341
vt 0.087797 0.912695
vn 0.281082 -0.678601 -0.678597
vn 0.281082 -0.678601 -0.678597
vn 0.281082 -0.678601 -0.678597
vn 0.281082 -0.678601 -0.678597
vn 0.000000 -0.772807 -0.634641
vn -0.448767 -0.772798 -0.448767
vn -0.636727 -0.434922 -0.636727
vn 0.000000 -0.434927 -0.900466
vn -0.448767 -0.772798 -0.448767
vn -0.634641 -0.772807 0.000000
vn -0.900466 -0.434927 0.000000
vn -0.636727 -0.434922 -0.636727
vn -0.634641 -0.772807 0.000000
vn -0.448767 -0.772798 0.448767
vn -0.636727 -0.434922 0.636727
vn -0.900466 -0.434927 0.000000
vn -0.448767 -0.772798 0.448767
vn 0.000000 -0.772807 0.634641
vn 0.000000 -0.434927 0.900466
vn -0.636727 -0.434922 0.636727
vn 0.000000 -0.772807 0.634641
vn 0.448767 -0.772798 0.448767
vn 0.636727 -0.434922 0.636727
vn 0.000000 -0.434927 0.900466
vn 0.448767 -0.772798 0.448767
vn 0.634641 -0.772807 0.000000
vn 0.900466 -0.434927 0.000000
vn 0.636727 -0.434922 0.636727
vn 0.634641 -0.772807 0.000000
vn 0.448767 -0.772798 -0.448767
vn 0.636727 -0.434922 -0.636727
vn 0.900466 -0.434927 0.000000
vn 0.636727 -0.434922 -0.636727
vn 0.000000 -0.434927 -0.900466
vn 0.000000 0.000000 -1.000000
vn 0.707107 0.000000 -0.707107
vn 0.000000 -0.434927 -0.900466
vn -0.636727 -0.434922 -0.636727
vn -0.707107 0.000000 -0.707107
vn 0.000000 0.000000 -1.000000
vn -0.636727 -0.434922 -0.636727
vn -0.900466 -0.434927 0.000000
vn -1.000000 0.000000 0.000000
vn -0.707107 0.000000 -0.707107
vn -0.900466 -0.434927 0.000000
vn -0.636727 -0.434922 0.636727
vn -0.707107 0.000000 0.707107
vn -1.000000 0.000000 0.000000
vn -0.636727 -0.434922 0.636727
vn 0.000000 -0.434927 0.900466
vn 0.000000 0.000000 1.000000
vn -0.707107 0.000000 0.707107
vn 0.000000 -0.434927 0.900466
vn 0.636727 -0.434922 0.636727
vn 0.707107 0.000000 0.707107
vn 0.000000 0.000000 1.000000
vn 0.636727 -0.434922 0.636727
vn 0.900466 -0.434927 0.000000
vn 1.000000 0.000000 0.000000
vn 0.707107 0.000000 0.707107
vn 0.900466 -0.434927 0.000000
vn 0.636727 -0.434922 -0.636727
vn 0.707107 0.000000 -0.707107
vn 1.000000 0.000000 0.000000
vn 0.707107 0.000000 -0.707107
vn 0.000000 0.000000 -1.000000
vn 0.000000 0.434927 -0.900466
vn 0.636727 0.434922 -0.636727
vn 0.000000 0.000000 -1.000000
vn -0.707107 0.000000 -0.707107
vn -0.636727 0.434922 -0.636727
vn 0.000000 0.434927 -0.900466
vn -0.707107 0.000000 -0.707107
vn -1.000000 0.000000 0.000000
vn -0.900466 0.434927 0.000000
vn -0.636727 0.434922 -0.636727
vn -1.000000 0.000000 0.000000
vn -0.707107 0.000000 0.707107
vn -0.636727 0.434922 0.636727
vn -0.900466 0.434927 0.000000
vn -0.707107 0.000000 0.707107
vn 0.000000 0.000000 1.000000
vn 0.000000 0.434927 0.900466
vn -0.636727 0.434922 0.636727
vn 0.000000 0.000000 1.000000
vn 0.707107 0.000000 0.707107
vn 0.636727 0.434922 0.636727
vn 0.000000 0.434927 0.900466
vn 0.707107 0.000000 0.707107
vn 1.000000 0.000000 0.000000
vn 0.900466 0.434927 0.000000
vn 0.636727 0.434922 0.636727
vn 1.000000 0.000000 0.000000
vn 0.707107 0.000000 -0.707107
vn 0.636727 0.434922 -0.636727
vn 0.900466 0.434927 0.000000
vn 0.636727 0.434922 -0.636727
vn 0.000000 0.434927 -0.900466
vn 0.000000 0.772807 -0.634641
vn 0.448767 0.772798 -0.448767
vn 0.000000 0.434927 -0.900466
vn -0.636727 0.434922 -0.636727
vn -0.448767 0.772798 -0.448767
vn 0.000000 0.772807 -0.634641
vn -0.636727 0.434922 -0.636727
vn -0.900466 0.434927 0.000000
vn -0.634641 0.772807 0.000000
vn -0.448767 0.772798 -0.448767
vn -0.900466 0.434927 0.000000
vn -0.636727 0.434922 0.636727
vn -0.448767 0.772798 0.448767
vn -0.634641 0.772807 0.000000
vn -0.636727 0.434922 0.636727
vn 0.000000 0.434927 0.900466
vn 0.000000 0.772807 0.634641
vn -0.448767 0.772798 0.448767
vn 0.000000 0.434927 0.900466
vn 0.636727 0.434922 0.636727
vn 0.448767 0.772798 0.448767
vn 0.000000 0.772807 0.634641
vn 0.636727 0.434922 0.636727
vn 0.900466 0.434927 0.000000
vn 0.634641 0.772807 0.000000
vn 0.448767 0.772798 0.448767
vn 0.900466 0.434927 0.000000
vn 0.636727 0.434922 -0.636727
vn 0.448767 0.772798 -0.448767
vn 0.634641 0.772807 0.000000
vn 0.000000 -0.772807 -0.634641
vn 0.448767 -0.772798 -0.448767
vn 0.000000 -1.000000 0.000000
vn -0.448767 -0.772798 -0.448767
vn 0.000000 -0.772807 -0.634641
vn 0.000000 -1.000000 0.000000
vn -0.634641 -0.772807 0.000000
vn -0.448767 -0.772798 -0.448767
vn 0.000000 -1.000000 0.000000
vn -0.448767 -0.772798 0.448767
vn -0.634641 -0.772807 0.000000
vn 0.000000 -1.000000 0.000000
vn 0.000000 -0.772807 0.634641
vn -0.448767 -0.772798 0.448767
vn 0.000000 -1.000000 0.000000
vn 0.448767 -0.772798 0.448767
vn 0.000000 -0.772807 0.634641
vn 0.000000 -1.000000 0.000000
vn 0.634641 -0.772807 0.000000
vn 0.448767 -0.772798 0.448767
vn 0.000000 -1.000000 0.000000
vn 0.448767 -0.772798 -0.448767
vn 0.634641 -0.772807 0.000000
vn 0.000000 -1.000000 0.000000
vn 0.448767 0.772798 -0.448767
vn 0.000000 0.772807 -0.634641
vn 0.000000 1.000000 0.000000
vn 0.000000 0.772807 -0.634641
vn -0.448767 0.772798 -0.448767
vn 0.000000 1.000000 0.000000
vn -0.448767 0.772798 -0.448767
vn -0.634641 0.772807 0.000000
vn 0.000000 1.000000 0.000000
vn -0.634641 0.772807 0.000000
vn -0.448767 0.772798 0.448767
vn 0.000000 1.000000 0.000000
vn -0.448767 0.772798 0.448767
vn 0.000000 0.772807 0.634641
vn 0.000000 1.000000 0.000000
vn 0.000000 0.772807 0.634641
vn 0.448767 0.772798 0.448767
vn 0.000000 1.000000 0.000000
vn 0.448767 0.772798 0.448767
vn 0.634641 0.772807 0.000000
vn 0.000000 1.000000 0.000000
vn 0.634641 0.772807 0.000000
vn 0.448767 0.772798 -0.448767
vn 0.000000 1.000000 0.000000
s off
g Cross1 Cross:CrossPearl4
f 757/1153/3169 758/1154/3170 759/1155/3171 760/1156/3172
f 758/1157/3173 761/1158/3174 762/1159/3175 759/1160/3176
f 761/1158/3177 763/1161/3178 764/1162/3179 762/1159/3180
f 763/1161/3181 765/1163/3182 766/1164/3183 764/1162/3184
f 765/1163/3185 767/1165/3186 768/1166/3187 766/1164/3188
f 767/1167/3189 769/1168/3190 770/1169/3191 768/1170/3192
f 769/1168/3193 771/1171/3194 772/1172/3195 770/1169/3196
f 771/1171/3197 757/1153/3198 760/1156/3199 772/1172/3200
f 760/1156/3201 759/1155/3202 773/1173/3203 774/1174/3204
f 759/1160/3205 762/1159/3206 775/1175/3207 773/1176/3208
f 762/1159/3209 764/1162/3210 776/1177/3211 775/1175/3212
f 764/1162/3213 766/1164/3214 777/1178/3215 776/1177/3216
f 766/1164/3217 768/1166/3218 778/1179/3219 777/1178/3220
f 768/1170/3221 770/1169/3222 779/1180/3223 778/1181/3224
f 770/1169/3225 772/1172/3226 780/1182/3227 779/1180/3228
f 772/1172/3229 760/1156/3230 774/1174/3231 780/1182/3232
f 774/1183/3233 773/1184/3234 781/1185/3235 782/1186/3236
f 773/1187/3237 775/1188/3238 783/1189/3239 781/1190/3240
f 775/1188/3241 776/1191/3242 784/1192/3243 783/1189/3244
f 776/1191/3245 777/1193/3246 785/1194/3247 784/1192/3248
f 777/1193/3249 778/1195/3250 786/1196/3251 785/1194/3252
f 778/1197/3253 779/1198/3254 787/1199/3255 786/1200/3256
f 779/1198/3257 780/1201/3258 788/1202/3259 787/1199/3260
f 780/1201/3261 774/1183/3262 782/1186/3263 788/1202/3264
f 782/1186/3265 781/1185/3266 789/1203/3267 790/1204/3268
f 781/1190/3269 783/1189/3270 791/1205/3271 789/1206/3272
f 783/1189/3273 784/1192/3274 792/1207/3275 791/1205/3276
f 784/1192/3277 785/1194/3278 793/1208/3279 792/1207/3280
f 785/1194/3281 786/1196/3282 794/1209/3283 793/1208/3284
f 786/1200/3285 787/1199/3286 795/1210/3287 794/1211/3288
f 787/1199/3289 788/1202/3290 796/1212/3291 795/1210/3292
f 788/1202/3293 782/1186/3294 790/1204/3295 796/1212/3296
f 758/1154/3297 757/1153/3298 797/1213/3299
f 761/1158/3300 758/1157/3301 797/1214/3302
f 763/1161/3303 761/1158/3304 797/1214/3305
f 765/1163/3306 763/1161/3307 797/1214/3308
f 767/1165/3309 765/1163/3310 797/1214/3311
f 769/1168/3312 767/1167/3313 797/1213/3314
f 771/1171/3315 769/1168/3316 797/1213/3317
f 757/1153/3318 771/1171/3319 797/1213/3320
f 790/1204/3321 789/1203/3322 798/1215/3323
f 789/1206/3324 791/1205/3325 798/1216/3326
f 791/1205/3327 792/1207/3328 798/1216/3329
f 792/1207/3330 793/1208/3331 798/1216/3332
f 793/1208/3333 794/1209/3334 798/1216/3335
f 794/1211/3336 795/1210/3337 798/1215/3338
f 795/1210/3339 796/1212/3340 798/1215/3341
f 796/1212/3342 790/1204/3343 798/1215/3344
g default
v -1.269576 -0.621050 -7.007608
v -1.523194 -0.621050 -7.112657
v -1.523194 -0.358487 -7.375223
v -1.083918 -0.358487 -7.193268
v -1.776809 -0.621050 -7.007608
v -1.962471 -0.358487 -7.193268
v -1.881862 -0.621050 -6.753989
v -2.144425 -0.358487 -6.753989
v -1.776809 -0.621050 -6.500372
v -1.962471 -0.358487 -6.314713
v -1.523194 -0.621050 -6.395323
v -1.523194 -0.358487 -6.132759
v -1.269576 -0.621050 -6.500372
v -1.083918 -0.358487 -6.314713
v -1.164526 -0.621050 -6.753989
v -0.901962 -0.358487 -6.753989
v -1.523194 0.000181 -7.471325
v -1.015960 0.000181 -7.261223
v -2.030428 0.000181 -7.261223
v -2.240531 0.000181 -6.753989
v -2.030428 0.000181 -6.246757
v -1.523194 0.000181 -6.036654
v -1.015960 0.000181 -6.246757
v -0.805857 0.000181 -6.753989
v -1.523194 0.358849 -7.375223
v -1.083918 0.358849 -7.193268
v -1.962471 0.358849 -7.193268
v -2.144425 0.358849 -6.753989
v -1.962471 0.358849 -6.314713
v -1.523194 0.358849 -6.132759
v -1.083918 0.358849 -6.314713
v -0.901962 0.358849 -6.753989
v -1.523194 0.621411 -7.112657
v -1.269576 0.621411 -7.007608
v -1.776809 0.621411 -7.007608
v -1.881862 0.621411 -6.753989
v -1.776809 0.621411 -6.500372
v -1.523194 0.621411 -6.395323
v -1.269576 0.621411 -6.500372
v -1.164526 0.621411 -6.753989
v -1.523194 -0.717154 -6.753989
v -1.523194 0.717515 -6.753989
vt 0.337795 0.607515
vt 0.325708 0.598179
vt 0.337474 0.577778
vt 0.355761 0.597067
vt 0.575995 0.603889
vt 0.563908 0.613225
vt 0.545942 0.602777
vt 0.564230 0.583488
vt 0.559400 0.627309
vt 0.538931 0.627309
vt 0.563907 0.641392
vt 0.545941 0.651840
vt 0.575995 0.650728
vt 0.564229 0.671129
vt 0.325709 0.645019
vt 0.337796 0.635682
vt 0.355762 0.646130
vt 0.337475 0.665420
vt 0.342303 0.621599
vt 0.362772 0.621598
vt 0.353679 0.562305
vt 0.374484 0.587978
vt 0.527220 0.593688
vt 0.548026 0.568016
vt 0.518339 0.627309
vt 0.527219 0.660929
vt 0.548025 0.686602
vt 0.374484 0.655217
vt 0.353681 0.680891
vt 0.383364 0.621598
vt 0.796856 0.401684
vt 0.817660 0.376010
vt 0.833865 0.391482
vt 0.815578 0.410772
vt 0.605804 0.162557
vt 0.580010 0.183220
vt 0.571030 0.164445
vt 0.590424 0.146264
vt 0.546336 0.191903
vt 0.546460 0.171310
vt 0.512769 0.182814
vt 0.521976 0.164148
vt 0.487227 0.161840
vt 0.502803 0.145735
vt 0.817660 0.494596
vt 0.796855 0.468923
vt 0.815576 0.459834
vt 0.833864 0.479123
vt 0.787974 0.435304
vt 0.808566 0.435304
vt 0.845632 0.411882
vt 0.833544 0.421219
vt 0.560689 0.146417
vt 0.570096 0.134383
vt 0.546584 0.150840
vt 0.532534 0.146247
vt 0.523272 0.134100
vt 0.833542 0.449386
vt 0.845630 0.458722
vt 0.829036 0.435303
vt 0.321298 0.621599
vt 0.580405 0.627309
vt 0.850041 0.435302
vt 0.546711 0.129831
vn 0.281083 -0.678600 -0.678598
vn 0.281083 -0.678600 -0.678598
vn 0.281083 -0.678600 -0.678598
vn 0.281083 -0.678600 -0.678598
vn 0.000000 -0.772807 -0.634641
vn -0.448767 -0.772798 -0.448767
vn -0.636727 -0.434922 -0.636727
vn 0.000000 -0.434927 -0.900466
vn -0.448767 -0.772798 -0.448767
vn -0.634641 -0.772807 0.000000
vn -0.900466 -0.434927 0.000000
vn -0.636727 -0.434922 -0.636727
vn -0.634641 -0.772807 0.000000
vn -0.448767 -0.772798 0.448767
vn -0.636727 -0.434922 0.636727
vn -0.900466 -0.434927 0.000000
vn -0.448767 -0.772798 0.448767
vn 0.000000 -0.772807 0.634641
vn 0.000000 -0.434927 0.900466
vn -0.636727 -0.434922 0.636727
vn 0.000000 -0.772807 0.634641
vn 0.448767 -0.772798 0.448767
vn 0.636727 -0.434922 0.636727
vn 0.000000 -0.434927 0.900466
vn 0.448767 -0.772798 0.448767
vn 0.634641 -0.772807 0.000000
vn 0.900466 -0.434927 0.000000
vn 0.636727 -0.434922 0.636727
vn 0.634641 -0.772807 0.000000
vn 0.448767 -0.772798 -0.448767
vn 0.636727 -0.434922 -0.636727
vn 0.900466 -0.434927 0.000000
vn 0.636727 -0.434922 -0.636727
vn 0.000000 -0.434927 -0.900466
vn 0.000000 0.000000 -1.000000
vn 0.707107 0.000000 -0.707107
vn 0.000000 -0.434927 -0.900466
vn -0.636727 -0.434922 -0.636727
vn -0.707107 0.000000 -0.707107
vn 0.000000 0.000000 -1.000000
vn -0.636727 -0.434922 -0.636727
vn -0.900466 -0.434927 0.000000
vn -1.000000 0.000000 0.000000
vn -0.707107 0.000000 -0.707107
vn -0.900466 -0.434927 0.000000
vn -0.636727 -0.434922 0.636727
vn -0.707107 0.000000 0.707107
vn -1.000000 0.000000 0.000000
vn -0.636727 -0.434922 0.636727
vn 0.000000 -0.434927 0.900466
vn 0.000000 0.000000 1.000000
vn -0.707107 0.000000 0.707107
vn 0.000000 -0.434927 0.900466
vn 0.636727 -0.434922 0.636727
vn 0.707107 0.000000 0.707107
vn 0.000000 0.000000 1.000000
vn 0.636727 -0.434922 0.636727
vn 0.900466 -0.434927 0.000000
vn 1.000000 0.000000 0.000000
vn 0.707107 0.000000 0.707107
vn 0.900466 -0.434927 0.000000
vn 0.636727 -0.434922 -0.636727
vn 0.707107 0.000000 -0.707107
vn 1.000000 0.000000 0.000000
vn 0.707107 0.000000 -0.707107
vn 0.000000 0.000000 -1.000000
vn 0.000000 0.434927 -0.900466
vn 0.636727 0.434922 -0.636727
vn 0.000000 0.000000 -1.000000
vn -0.707107 0.000000 -0.707107
vn -0.636727 0.434922 -0.636727
vn 0.000000 0.434927 -0.900466
vn -0.707107 0.000000 -0.707107
vn -1.000000 0.000000 0.000000
vn -0.900466 0.434927 0.000000
vn -0.636727 0.434922 -0.636727
vn -1.000000 0.000000 0.000000
vn -0.707107 0.000000 0.707107
vn -0.636727 0.434922 0.636727
vn -0.900466 0.434927 0.000000
vn -0.707107 0.000000 0.707107
vn 0.000000 0.000000 1.000000
vn 0.000000 0.434927 0.900466
vn -0.636727 0.434922 0.636727
vn 0.000000 0.000000 1.000000
vn 0.707107 0.000000 0.707107
vn 0.636727 0.434922 0.636727
vn 0.000000 0.434927 0.900466
vn 0.707107 0.000000 0.707107
vn 1.000000 0.000000 0.000000
vn 0.900466 0.434927 0.000000
vn 0.636727 0.434922 0.636727
vn 1.000000 0.000000 0.000000
vn 0.707107 0.000000 -0.707107
vn 0.636727 0.434922 -0.636727
vn 0.900466 0.434927 0.000000
vn 0.636727 0.434922 -0.636727
vn 0.000000 0.434927 -0.900466
vn 0.000000 0.772807 -0.634641
vn 0.448767 0.772798 -0.448767
vn 0.000000 0.434927 -0.900466
vn -0.636727 0.434922 -0.636727
vn -0.448767 0.772798 -0.448767
vn 0.000000 0.772807 -0.634641
vn -0.636727 0.434922 -0.636727
vn -0.900466 0.434927 0.000000
vn -0.634641 0.772807 0.000000
vn -0.448767 0.772798 -0.448767
vn -0.900466 0.434927 0.000000
vn -0.636727 0.434922 0.636727
vn -0.448767 0.772798 0.448767
vn -0.634641 0.772807 0.000000
vn -0.636727 0.434922 0.636727
vn 0.000000 0.434927 0.900466
vn 0.000000 0.772807 0.634641
vn -0.448767 0.772798 0.448767
vn 0.000000 0.434927 0.900466
vn 0.636727 0.434922 0.636727
vn 0.448767 0.772798 0.448767
vn 0.000000 0.772807 0.634641
vn 0.636727 0.434922 0.636727
vn 0.900466 0.434927 0.000000
vn 0.634641 0.772807 0.000000
vn 0.448767 0.772798 0.448767
vn 0.900466 0.434927 0.000000
vn 0.636727 0.434922 -0.636727
vn 0.448767 0.772798 -0.448767
vn 0.634641 0.772807 0.000000
vn 0.000000 -0.772807 -0.634641
vn 0.448767 -0.772798 -0.448767
vn 0.000000 -1.000000 0.000000
vn -0.448767 -0.772798 -0.448767
vn 0.000000 -0.772807 -0.634641
vn 0.000000 -1.000000 0.000000
vn -0.634641 -0.772807 0.000000
vn -0.448767 -0.772798 -0.448767
vn 0.000000 -1.000000 0.000000
vn -0.448767 -0.772798 0.448767
vn -0.634641 -0.772807 0.000000
vn 0.000000 -1.000000 0.000000
vn 0.000000 -0.772807 0.634641
vn -0.448767 -0.772798 0.448767
vn 0.000000 -1.000000 0.000000
vn 0.448767 -0.772798 0.448767
vn 0.000000 -0.772807 0.634641
vn 0.000000 -1.000000 0.000000
vn 0.634641 -0.772807 0.000000
vn 0.448767 -0.772798 0.448767
vn 0.000000 -1.000000 0.000000
vn 0.448767 -0.772798 -0.448767
vn 0.634641 -0.772807 0.000000
vn 0.000000 -1.000000 0.000000
vn 0.448767 0.772798 -0.448767
vn 0.000000 0.772807 -0.634641
vn 0.000000 1.000000 0.000000
vn 0.000000 0.772807 -0.634641
vn -0.448767 0.772798 -0.448767
vn 0.000000 1.000000 0.000000
vn -0.448767 0.772798 -0.448767
vn -0.634641 0.772807 0.000000
vn 0.000000 1.000000 0.000000
vn -0.634641 0.772807 0.000000
vn -0.448767 0.772798 0.448767
vn 0.000000 1.000000 0.000000
vn -0.448767 0.772798 0.448767
vn 0.000000 0.772807 0.634641
vn 0.000000 1.000000 0.000000
vn 0.000000 0.772807 0.634641
vn 0.448767 0.772798 0.448767
vn 0.000000 1.000000 0.000000
vn 0.448767 0.772798 0.448767
vn 0.634641 0.772807 0.000000
vn 0.000000 1.000000 0.000000
vn 0.634641 0.772807 0.000000
vn 0.448767 0.772798 -0.448767
vn 0.000000 1.000000 0.000000
s off
g Cross1 Cross:CrossPearl3
f 799/1217/3345 800/1218/3346 801/1219/3347 802/1220/3348
f 800/1221/3349 803/1222/3350 804/1223/3351 801/1224/3352
f 803/1222/3353 805/1225/3354 806/1226/3355 804/1223/3356
f 805/1225/3357 807/1227/3358 808/1228/3359 806/1226/3360
f 807/1227/3361 809/1229/3362 810/1230/3363 808/1228/3364
f 809/1231/3365 811/1232/3366 812/1233/3367 810/1234/3368
f 811/1232/3369 813/1235/3370 814/1236/3371 812/1233/3372
f 813/1235/3373 799/1217/3374 802/1220/3375 814/1236/3376
f 802/1220/3377 801/1219/3378 815/1237/3379 816/1238/3380
f 801/1224/3381 804/1223/3382 817/1239/3383 815/1240/3384
f 804/1223/3385 806/1226/3386 818/1241/3387 817/1239/3388
f 806/1226/3389 808/1228/3390 819/1242/3391 818/1241/3392
f 808/1228/3393 810/1230/3394 820/1243/3395 819/1242/3396
f 810/1234/3397 812/1233/3398 821/1244/3399 820/1245/3400
f 812/1233/3401 814/1236/3402 822/1246/3403 821/1244/3404
f 814/1236/3405 802/1220/3406 816/1238/3407 822/1246/3408
f 816/1247/3409 815/1248/3410 823/1249/3411 824/1250/3412
f 815/1251/3413 817/1252/3414 825/1253/3415 823/1254/3416
f 817/1252/3417 818/1255/3418 826/1256/3419 825/1253/3420
f 818/1255/3421 819/1257/3422 827/1258/3423 826/1256/3424
f 819/1257/3425 820/1259/3426 828/1260/3427 827/1258/3428
f 820/1261/3429 821/1262/3430 829/1263/3431 828/1264/3432
f 821/1262/3433 822/1265/3434 830/1266/3435 829/1263/3436
f 822/1265/3437 816/1247/3438 824/1250/3439 830/1266/3440
f 824/1250/3441 823/1249/3442 831/1267/3443 832/1268/3444
f 823/1254/3445 825/1253/3446 833/1269/3447 831/1270/3448
f 825/1253/3449 826/1256/3450 834/1271/3451 833/1269/3452
f 826/1256/3453 827/1258/3454 835/1272/3455 834/1271/3456
f 827/1258/3457 828/1260/3458 836/1273/3459 835/1272/3460
f 828/1264/3461 829/1263/3462 837/1274/3463 836/1275/3464
f 829/1263/3465 830/1266/3466 838/1276/3467 837/1274/3468
f 830/1266/3469 824/1250/3470 832/1268/3471 838/1276/3472
f 800/1218/3473 799/1217/3474 839/1277/3475
f 803/1222/3476 800/1221/3477 839/1278/3478
f 805/1225/3479 803/1222/3480 839/1278/3481
f 807/1227/3482 805/1225/3483 839/1278/3484
f 809/1229/3485 807/1227/3486 839/1278/3487
f 811/1232/3488 809/1231/3489 839/1277/3490
f 813/1235/3491 811/1232/3492 839/1277/3493
f 799/1217/3494 813/1235/3495 839/1277/3496
f 832/1268/3497 831/1267/3498 840/1279/3499
f 831/1270/3500 833/1269/3501 840/1280/3502
f 833/1269/3503 834/1271/3504 840/1280/3505
f 834/1271/3506 835/1272/3507 840/1280/3508
f 835/1272/3509 836/1273/3510 840/1280/3511
f 836/1275/3512 837/1274/3513 840/1279/3514
f 837/1274/3515 838/1276/3516 840/1279/3517
f 838/1276/3518 832/1268/3519 840/1279/3520
g default
v 1.334820 -0.621050 -5.800854
v 1.081202 -0.621050 -5.905904
v 1.081202 -0.358487 -6.168470
v 1.520479 -0.358487 -5.986516
v 0.827586 -0.621050 -5.800854
v 0.641926 -0.358487 -5.986516
v 0.722535 -0.621050 -5.547237
v 0.459972 -0.358487 -5.547237
v 0.827586 -0.621050 -5.293620
v 0.641926 -0.358487 -5.107961
v 1.081202 -0.621050 -5.188571
v 1.081202 -0.358487 -4.926008
v 1.334820 -0.621050 -5.293620
v 1.520479 -0.358487 -5.107961
v 1.439871 -0.621050 -5.547237
v 1.702435 -0.358487 -5.547237
v 1.081202 0.000181 -6.264574
v 1.588437 0.000181 -6.054472
v 0.573970 0.000181 -6.054472
v 0.363865 0.000181 -5.547237
v 0.573970 0.000181 -5.040006
v 1.081202 0.000181 -4.829902
v 1.588437 0.000181 -5.040006
v 1.798537 0.000181 -5.547237
v 1.081202 0.358849 -6.168470
v 1.520479 0.358849 -5.986516
v 0.641926 0.358849 -5.986516
v 0.459972 0.358849 -5.547237
v 0.641926 0.358849 -5.107961
v 1.081202 0.358849 -4.926008
v 1.520479 0.358849 -5.107961
v 1.702435 0.358849 -5.547237
v 1.081202 0.621411 -5.905904
v 1.334820 0.621411 -5.800854
v 0.827586 0.621411 -5.800854
v 0.722535 0.621411 -5.547237
v 0.827586 0.621411 -5.293620
v 1.081202 0.621411 -5.188571
v 1.334820 0.621411 -5.293620
v 1.439871 0.621411 -5.547237
v 1.081202 -0.717154 -5.547237
v 1.081202 0.717515 -5.547237
vt 0.877066 0.645724
vt 0.864978 0.636387
vt 0.876744 0.615987
vt 0.895032 0.635276
vt 0.555255 0.756202
vt 0.543166 0.765538
vt 0.525200 0.755089
vt 0.543489 0.735801
vt 0.538659 0.779621
vt 0.518190 0.779621
vt 0.543165 0.793704
vt 0.525199 0.804152
vt 0.555253 0.803041
vt 0.543486 0.823441
vt 0.864980 0.683228
vt 0.877068 0.673891
vt 0.895033 0.684339
vt 0.876747 0.703629
vt 0.881573 0.659808
vt 0.902043 0.659807
vt 0.892949 0.600515
vt 0.913754 0.626187
vt 0.506480 0.746000
vt 0.527286 0.720328
vt 0.497598 0.779620
vt 0.506477 0.813240
vt 0.527281 0.838913
vt 0.913756 0.693426
vt 0.892952 0.719100
vt 0.922635 0.659806
vt 0.200546 0.812109
vt 0.221350 0.786437
vt 0.237555 0.801908
vt 0.219267 0.821198
vt 0.789245 0.286092
vt 0.810049 0.311766
vt 0.791327 0.320854
vt 0.773040 0.301565
vt 0.818929 0.345385
vt 0.798337 0.345385
vt 0.810049 0.379004
vt 0.791327 0.369916
vt 0.789244 0.404678
vt 0.773039 0.389205
vt 0.221352 0.905022
vt 0.200546 0.879349
vt 0.219268 0.870261
vt 0.237556 0.889549
vt 0.191665 0.845730
vt 0.212257 0.845730
vt 0.249321 0.822309
vt 0.237233 0.831645
vt 0.773361 0.331303
vt 0.761274 0.321965
vt 0.777867 0.345386
vt 0.773360 0.359468
vt 0.761273 0.368805
vt 0.237233 0.859812
vt 0.249322 0.869148
vt 0.232726 0.845729
vt 0.860568 0.659809
vt 0.559664 0.779622
vt 0.253732 0.845729
vt 0.756862 0.345385
vn 0.281080 -0.678602 -0.678597
vn 0.281080 -0.678602 -0.678597
vn 0.281080 -0.678602 -0.678597
vn 0.281080 -0.678602 -0.678597
vn 0.000000 -0.772807 -0.634641
vn -0.448767 -0.772798 -0.448767
vn -0.636727 -0.434922 -0.636727
vn 0.000000 -0.434927 -0.900466
vn -0.448767 -0.772798 -0.448767
vn -0.634641 -0.772807 0.000000
vn -0.900466 -0.434927 0.000000
vn -0.636727 -0.434922 -0.636727
vn -0.634641 -0.772807 0.000000
vn -0.448767 -0.772798 0.448767
vn -0.636727 -0.434922 0.636727
vn -0.900466 -0.434927 0.000000
vn -0.448767 -0.772798 0.448767
vn 0.000000 -0.772807 0.634641
vn 0.000000 -0.434927 0.900466
vn -0.636727 -0.434922 0.636727
vn 0.000000 -0.772807 0.634641
vn 0.448767 -0.772798 0.448767
vn 0.636727 -0.434922 0.636727
vn 0.000000 -0.434927 0.900466
vn 0.448767 -0.772798 0.448767
vn 0.634641 -0.772807 0.000000
vn 0.900466 -0.434927 0.000000
vn 0.636727 -0.434922 0.636727
vn 0.634641 -0.772807 0.000000
vn 0.448767 -0.772798 -0.448767
vn 0.636727 -0.434922 -0.636727
vn 0.900466 -0.434927 0.000000
vn 0.636727 -0.434922 -0.636727
vn 0.000000 -0.434927 -0.900466
vn 0.000000 0.000000 -1.000000
vn 0.707107 0.000000 -0.707107
vn 0.000000 -0.434927 -0.900466
vn -0.636727 -0.434922 -0.636727
vn -0.707107 0.000000 -0.707107
vn 0.000000 0.000000 -1.000000
vn -0.636727 -0.434922 -0.636727
vn -0.900466 -0.434927 0.000000
vn -1.000000 0.000000 0.000000
vn -0.707107 0.000000 -0.707107
vn -0.900466 -0.434927 0.000000
vn -0.636727 -0.434922 0.636727
vn -0.707107 0.000000 0.707107
vn -1.000000 0.000000 0.000000
vn -0.636727 -0.434922 0.636727
vn 0.000000 -0.434927 0.900466
vn 0.000000 0.000000 1.000000
vn -0.707107 0.000000 0.707107
vn 0.000000 -0.434927 0.900466
vn 0.636727 -0.434922 0.636727
vn 0.707107 0.000000 0.707107
vn 0.000000 0.000000 1.000000
vn 0.636727 -0.434922 0.636727
vn 0.900466 -0.434927 0.000000
vn 1.000000 0.000000 0.000000
vn 0.707107 0.000000 0.707107
vn 0.900466 -0.434927 0.000000
vn 0.636727 -0.434922 -0.636727
vn 0.707107 0.000000 -0.707107
vn 1.000000 0.000000 0.000000
vn 0.707107 0.000000 -0.707107
vn 0.000000 0.000000 -1.000000
vn 0.000000 0.434927 -0.900466
vn 0.636727 0.434922 -0.636727
vn 0.000000 0.000000 -1.000000
vn -0.707107 0.000000 -0.707107
vn -0.636727 0.434922 -0.636727
vn 0.000000 0.434927 -0.900466
vn -0.707107 0.000000 -0.707107
vn -1.000000 0.000000 0.000000
vn -0.900466 0.434927 0.000000
vn -0.636727 0.434922 -0.636727
vn -1.000000 0.000000 0.000000
vn -0.707107 0.000000 0.707107
vn -0.636727 0.434922 0.636727
vn -0.900466 0.434927 0.000000
vn -0.707107 0.000000 0.707107
vn 0.000000 0.000000 1.000000
vn 0.000000 0.434927 0.900466
vn -0.636727 0.434922 0.636727
vn 0.000000 0.000000 1.000000
vn 0.707107 0.000000 0.707107
vn 0.636727 0.434922 0.636727
vn 0.000000 0.434927 0.900466
vn 0.707107 0.000000 0.707107
vn 1.000000 0.000000 0.000000
vn 0.900466 0.434927 0.000000
vn 0.636727 0.434922 0.636727
vn 1.000000 0.000000 0.000000
vn 0.707107 0.000000 -0.707107
vn 0.636727 0.434922 -0.636727
vn 0.900466 0.434927 0.000000
vn 0.636727 0.434922 -0.636727
vn 0.000000 0.434927 -0.900466
vn 0.000000 0.772807 -0.634641
vn 0.448767 0.772798 -0.448767
vn 0.000000 0.434927 -0.900466
vn -0.636727 0.434922 -0.636727
vn -0.448767 0.772798 -0.448767
vn 0.000000 0.772807 -0.634641
vn -0.636727 0.434922 -0.636727
vn -0.900466 0.434927 0.000000
vn -0.634641 0.772807 0.000000
vn -0.448767 0.772798 -0.448767
vn -0.900466 0.434927 0.000000
vn -0.636727 0.434922 0.636727
vn -0.448767 0.772798 0.448767
vn -0.634641 0.772807 0.000000
vn -0.636727 0.434922 0.636727
vn 0.000000 0.434927 0.900466
vn 0.000000 0.772807 0.634641
vn -0.448767 0.772798 0.448767
vn 0.000000 0.434927 0.900466
vn 0.636727 0.434922 0.636727
vn 0.448767 0.772798 0.448767
vn 0.000000 0.772807 0.634641
vn 0.636727 0.434922 0.636727
vn 0.900466 0.434927 0.000000
vn 0.634641 0.772807 0.000000
vn 0.448767 0.772798 0.448767
vn 0.900466 0.434927 0.000000
vn 0.636727 0.434922 -0.636727
vn 0.448767 0.772798 -0.448767
vn 0.634641 0.772807 0.000000
vn 0.000000 -0.772807 -0.634641
vn 0.448767 -0.772798 -0.448767
vn 0.000000 -1.000000 0.000000
vn -0.448767 -0.772798 -0.448767
vn 0.000000 -0.772807 -0.634641
vn 0.000000 -1.000000 0.000000
vn -0.634641 -0.772807 0.000000
vn -0.448767 -0.772798 -0.448767
vn 0.000000 -1.000000 0.000000
vn -0.448767 -0.772798 0.448767
vn -0.634641 -0.772807 0.000000
vn 0.000000 -1.000000 0.000000
vn 0.000000 -0.772807 0.634641
vn -0.448767 -0.772798 0.448767
vn 0.000000 -1.000000 0.000000
vn 0.448767 -0.772798 0.448767
vn 0.000000 -0.772807 0.634641
vn 0.000000 -1.000000 0.000000
vn 0.634641 -0.772807 0.000000
vn 0.448767 -0.772798 0.448767
vn 0.000000 -1.000000 0.000000
vn 0.448767 -0.772798 -0.448767
vn 0.634641 -0.772807 0.000000
vn 0.000000 -1.000000 0.000000
vn 0.448767 0.772798 -0.448767
vn 0.000000 0.772807 -0.634641
vn 0.000000 1.000000 0.000000
vn 0.000000 0.772807 -0.634641
vn -0.448767 0.772798 -0.448767
vn 0.000000 1.000000 0.000000
vn -0.448767 0.772798 -0.448767
vn -0.634641 0.772807 0.000000
vn 0.000000 1.000000 0.000000
vn -0.634641 0.772807 0.000000
vn -0.448767 0.772798 0.448767
vn 0.000000 1.000000 0.000000
vn -0.448767 0.772798 0.448767
vn 0.000000 0.772807 0.634641
vn 0.000000 1.000000 0.000000
vn 0.000000 0.772807 0.634641
vn 0.448767 0.772798 0.448767
vn 0.000000 1.000000 0.000000
vn 0.448767 0.772798 0.448767
vn 0.634641 0.772807 0.000000
vn 0.000000 1.000000 0.000000
vn 0.634641 0.772807 0.000000
vn 0.448767 0.772798 -0.448767
vn 0.000000 1.000000 0.000000
s off
g Cross1 Cross:CrossPearl2
f 841/1281/3521 842/1282/3522 843/1283/3523 844/1284/3524
f 842/1285/3525 845/1286/3526 846/1287/3527 843/1288/3528
f 845/1286/3529 847/1289/3530 848/1290/3531 846/1287/3532
f 847/1289/3533 849/1291/3534 850/1292/3535 848/1290/3536
f 849/1291/3537 851/1293/3538 852/1294/3539 850/1292/3540
f 851/1295/3541 853/1296/3542 854/1297/3543 852/1298/3544
f 853/1296/3545 855/1299/3546 856/1300/3547 854/1297/3548
f 855/1299/3549 841/1281/3550 844/1284/3551 856/1300/3552
f 844/1284/3553 843/1283/3554 857/1301/3555 858/1302/3556
f 843/1288/3557 846/1287/3558 859/1303/3559 857/1304/3560
f 846/1287/3561 848/1290/3562 860/1305/3563 859/1303/3564
f 848/1290/3565 850/1292/3566 861/1306/3567 860/1305/3568
f 850/1292/3569 852/1294/3570 862/1307/3571 861/1306/3572
f 852/1298/3573 854/1297/3574 863/1308/3575 862/1309/3576
f 854/1297/3577 856/1300/3578 864/1310/3579 863/1308/3580
f 856/1300/3581 844/1284/3582 858/1302/3583 864/1310/3584
f 858/1311/3585 857/1312/3586 865/1313/3587 866/1314/3588
f 857/1315/3589 859/1316/3590 867/1317/3591 865/1318/3592
f 859/1316/3593 860/1319/3594 868/1320/3595 867/1317/3596
f 860/1319/3597 861/1321/3598 869/1322/3599 868/1320/3600
f 861/1321/3601 862/1323/3602 870/1324/3603 869/1322/3604
f 862/1325/3605 863/1326/3606 871/1327/3607 870/1328/3608
f 863/1326/3609 864/1329/3610 872/1330/3611 871/1327/3612
f 864/1329/3613 858/1311/3614 866/1314/3615 872/1330/3616
f 866/1314/3617 865/1313/3618 873/1331/3619 874/1332/3620
f 865/1318/3621 867/1317/3622 875/1333/3623 873/1334/3624
f 867/1317/3625 868/1320/3626 876/1335/3627 875/1333/3628
f 868/1320/3629 869/1322/3630 877/1336/3631 876/1335/3632
f 869/1322/3633 870/1324/3634 878/1337/3635 877/1336/3636
f 870/1328/3637 871/1327/3638 879/1338/3639 878/1339/3640
f 871/1327/3641 872/1330/3642 880/1340/3643 879/1338/3644
f 872/1330/3645 866/1314/3646 874/1332/3647 880/1340/3648
f 842/1282/3649 841/1281/3650 881/1341/3651
f 845/1286/3652 842/1285/3653 881/1342/3654
f 847/1289/3655 845/1286/3656 881/1342/3657
f 849/1291/3658 847/1289/3659 881/1342/3660
f 851/1293/3661 849/1291/3662 881/1342/3663
f 853/1296/3664 851/1295/3665 881/1341/3666
f 855/1299/3667 853/1296/3668 881/1341/3669
f 841/1281/3670 855/1299/3671 881/1341/3672
f 874/1332/3673 873/1331/3674 882/1343/3675
f 873/1334/3676 875/1333/3677 882/1344/3678
f 875/1333/3679 876/1335/3680 882/1344/3681
f 876/1335/3682 877/1336/3683 882/1344/3684
f 877/1336/3685 878/1337/3686 882/1344/3687
f 878/1339/3688 879/1338/3689 882/1343/3690
f 879/1338/3691 880/1340/3692 882/1343/3693
f 880/1340/3694 874/1332/3695 882/1343/3696
g default
v 0.253691 -0.621050 -17.347252
v 0.000074 -0.621050 -17.452303
v 0.000074 -0.358487 -17.714870
v 0.439351 -0.358487 -17.532909
v -0.253543 -0.621050 -17.347252
v -0.439203 -0.358487 -17.532909
v -0.358595 -0.621050 -17.093636
v -0.621156 -0.358487 -17.093636
v -0.253543 -0.621050 -16.840019
v -0.439203 -0.358487 -16.654360
v 0.000074 -0.621050 -16.734964
v 0.000074 -0.358487 -16.472403
v 0.253691 -0.621050 -16.840019
v 0.439351 -0.358487 -16.654360
v 0.358740 -0.621050 -17.093636
v 0.621305 -0.358487 -17.093636
v 0.000074 0.000181 -17.810972
v 0.507306 0.000181 -17.600868
v -0.507162 0.000181 -17.600868
v -0.717262 0.000181 -17.093636
v -0.507162 0.000181 -16.586407
v 0.000074 0.000181 -16.376299
v 0.507306 0.000181 -16.586407
v 0.717409 0.000181 -17.093636
v 0.000074 0.358849 -17.714870
v 0.439351 0.358849 -17.532909
v -0.439203 0.358849 -17.532909
v -0.621156 0.358849 -17.093636
v -0.439203 0.358849 -16.654360
v 0.000074 0.358849 -16.472403
v 0.439351 0.358849 -16.654360
v 0.621305 0.358849 -17.093636
v 0.000074 0.621411 -17.452303
v 0.253691 0.621411 -17.347252
v -0.253543 0.621411 -17.347252
v -0.358595 0.621411 -17.093636
v -0.253543 0.621411 -16.840019
v 0.000074 0.621411 -16.734964
v 0.253691 0.621411 -16.840019
v 0.358740 0.621411 -17.093636
v 0.000074 -0.717154 -17.093636
v 0.000074 0.717515 -17.093636
vt 0.602248 0.200266
vt 0.590159 0.190929
vt 0.601921 0.170531
vt 0.620214 0.189818
vt 0.892298 0.792752
vt 0.880209 0.802089
vt 0.862243 0.791641
vt 0.880531 0.772352
vt 0.875701 0.816172
vt 0.855233 0.816172
vt 0.880209 0.830255
vt 0.862243 0.840704
vt 0.892297 0.839592
vt 0.880531 0.859993
vt 0.590155 0.237763
vt 0.602246 0.228427
vt 0.620211 0.238876
vt 0.601919 0.258163
vt 0.606754 0.214347
vt 0.627225 0.214348
vt 0.618124 0.155056
vt 0.638936 0.180728
vt 0.843522 0.782553
vt 0.864327 0.756879
vt 0.834641 0.816172
vt 0.843522 0.849792
vt 0.864327 0.875466
vt 0.638931 0.247968
vt 0.618119 0.273639
vt 0.647818 0.214349
vt 0.770928 0.753474
vt 0.791733 0.727801
vt 0.807938 0.743273
vt 0.789649 0.762563
vt 0.835912 0.215525
vt 0.856717 0.241199
vt 0.837995 0.250287
vt 0.819707 0.230997
vt 0.865597 0.274818
vt 0.845005 0.274818
vt 0.856717 0.308437
vt 0.837995 0.299349
vt 0.835912 0.334111
vt 0.819708 0.318638
vt 0.791733 0.846387
vt 0.770929 0.820714
vt 0.789649 0.811625
vt 0.807938 0.830914
vt 0.762047 0.787094
vt 0.782640 0.787094
vt 0.819704 0.763674
vt 0.807616 0.773010
vt 0.820028 0.260735
vt 0.807941 0.251398
vt 0.824535 0.274818
vt 0.820028 0.288901
vt 0.807941 0.298237
vt 0.807616 0.801177
vt 0.819704 0.810513
vt 0.803108 0.787094
vt 0.585747 0.214346
vt 0.896707 0.816172
vt 0.824114 0.787094
vt 0.803529 0.274818
vn 0.281091 -0.678599 -0.678595
vn 0.281091 -0.678599 -0.678595
vn 0.281091 -0.678599 -0.678595
vn 0.281091 -0.678599 -0.678595
vn 0.000000 -0.772807 -0.634641
vn -0.448767 -0.772798 -0.448767
vn -0.636727 -0.434922 -0.636727
vn 0.000000 -0.434927 -0.900466
vn -0.448767 -0.772798 -0.448767
vn -0.634641 -0.772807 0.000000
vn -0.900466 -0.434927 0.000000
vn -0.636727 -0.434922 -0.636727
vn -0.634641 -0.772807 0.000000
vn -0.448767 -0.772798 0.448767
vn -0.636727 -0.434922 0.636727
vn -0.900466 -0.434927 0.000000
vn -0.448767 -0.772798 0.448767
vn 0.000000 -0.772807 0.634641
vn 0.000000 -0.434927 0.900466
vn -0.636727 -0.434922 0.636727
vn 0.000000 -0.772807 0.634641
vn 0.448767 -0.772798 0.448767
vn 0.636727 -0.434922 0.636727
vn 0.000000 -0.434927 0.900466
vn 0.448767 -0.772798 0.448767
vn 0.634641 -0.772807 0.000000
vn 0.900466 -0.434927 0.000000
vn 0.636727 -0.434922 0.636727
vn 0.634641 -0.772807 0.000000
vn 0.448767 -0.772798 -0.448767
vn 0.636727 -0.434922 -0.636727
vn 0.900466 -0.434927 0.000000
vn 0.636727 -0.434922 -0.636727
vn 0.000000 -0.434927 -0.900466
vn 0.000000 0.000000 -1.000000
vn 0.707107 0.000000 -0.707107
vn 0.000000 -0.434927 -0.900466
vn -0.636727 -0.434922 -0.636727
vn -0.707107 0.000000 -0.707107
vn 0.000000 0.000000 -1.000000
vn -0.636727 -0.434922 -0.636727
vn -0.900466 -0.434927 0.000000
vn -1.000000 0.000000 0.000000
vn -0.707107 0.000000 -0.707107
vn -0.900466 -0.434927 0.000000
vn -0.636727 -0.434922 0.636727
vn -0.707107 0.000000 0.707107
vn -1.000000 0.000000 0.000000
vn -0.636727 -0.434922 0.636727
vn 0.000000 -0.434927 0.900466
vn 0.000000 0.000000 1.000000
vn -0.707107 0.000000 0.707107
vn 0.000000 -0.434927 0.900466
vn 0.636727 -0.434922 0.636727
vn 0.707107 0.000000 0.707107
vn 0.000000 0.000000 1.000000
vn 0.636727 -0.434922 0.636727
vn 0.900466 -0.434927 0.000000
vn 1.000000 0.000000 0.000000
vn 0.707107 0.000000 0.707107
vn 0.900466 -0.434927 0.000000
vn 0.636727 -0.434922 -0.636727
vn 0.707107 0.000000 -0.707107
vn 1.000000 0.000000 0.000000
vn 0.707107 0.000000 -0.707107
vn 0.000000 0.000000 -1.000000
vn 0.000000 0.434927 -0.900466
vn 0.636727 0.434922 -0.636727
vn 0.000000 0.000000 -1.000000
vn -0.707107 0.000000 -0.707107
vn -0.636727 0.434922 -0.636727
vn 0.000000 0.434927 -0.900466
vn -0.707107 0.000000 -0.707107
vn -1.000000 0.000000 0.000000
vn -0.900466 0.434927 0.000000
vn -0.636727 0.434922 -0.636727
vn -1.000000 0.000000 0.000000
vn -0.707107 0.000000 0.707107
vn -0.636727 0.434922 0.636727
vn -0.900466 0.434927 0.000000
vn -0.707107 0.000000 0.707107
vn 0.000000 0.000000 1.000000
vn 0.000000 0.434927 0.900466
vn -0.636727 0.434922 0.636727
vn 0.000000 0.000000 1.000000
vn 0.707107 0.000000 0.707107
vn 0.636727 0.434922 0.636727
vn 0.000000 0.434927 0.900466
vn 0.707107 0.000000 0.707107
vn 1.000000 0.000000 0.000000
vn 0.900466 0.434927 0.000000
vn 0.636727 0.434922 0.636727
vn 1.000000 0.000000 0.000000
vn 0.707107 0.000000 -0.707107
vn 0.636727 0.434922 -0.636727
vn 0.900466 0.434927 0.000000
vn 0.636727 0.434922 -0.636727
vn 0.000000 0.434927 -0.900466
vn 0.000000 0.772807 -0.634641
vn 0.448767 0.772798 -0.448767
vn 0.000000 0.434927 -0.900466
vn -0.636727 0.434922 -0.636727
vn -0.448767 0.772798 -0.448767
vn 0.000000 0.772807 -0.634641
vn -0.636727 0.434922 -0.636727
vn -0.900466 0.434927 0.000000
vn -0.634641 0.772807 0.000000
vn -0.448767 0.772798 -0.448767
vn -0.900466 0.434927 0.000000
vn -0.636727 0.434922 0.636727
vn -0.448767 0.772798 0.448767
vn -0.634641 0.772807 0.000000
vn -0.636727 0.434922 0.636727
vn 0.000000 0.434927 0.900466
vn 0.000000 0.772807 0.634641
vn -0.448767 0.772798 0.448767
vn 0.000000 0.434927 0.900466
vn 0.636727 0.434922 0.636727
vn 0.448767 0.772798 0.448767
vn 0.000000 0.772807 0.634641
vn 0.636727 0.434922 0.636727
vn 0.900466 0.434927 0.000000
vn 0.634641 0.772807 0.000000
vn 0.448767 0.772798 0.448767
vn 0.900466 0.434927 0.000000
vn 0.636727 0.434922 -0.636727
vn 0.448767 0.772798 -0.448767
vn 0.634641 0.772807 0.000000
vn 0.000000 -0.772807 -0.634641
vn 0.448767 -0.772798 -0.448767
vn 0.000000 -1.000000 0.000000
vn -0.448767 -0.772798 -0.448767
vn 0.000000 -0.772807 -0.634641
vn 0.000000 -1.000000 0.000000
vn -0.634641 -0.772807 0.000000
vn -0.448767 -0.772798 -0.448767
vn 0.000000 -1.000000 0.000000
vn -0.448767 -0.772798 0.448767
vn -0.634641 -0.772807 0.000000
vn 0.000000 -1.000000 0.000000
vn 0.000000 -0.772807 0.634641
vn -0.448767 -0.772798 0.448767
vn 0.000000 -1.000000 0.000000
vn 0.448767 -0.772798 0.448767
vn 0.000000 -0.772807 0.634641
vn 0.000000 -1.000000 0.000000
vn 0.634641 -0.772807 0.000000
vn 0.448767 -0.772798 0.448767
vn 0.000000 -1.000000 0.000000
vn 0.448767 -0.772798 -0.448767
vn 0.634641 -0.772807 0.000000
vn 0.000000 -1.000000 0.000000
vn 0.448767 0.772798 -0.448767
vn 0.000000 0.772807 -0.634641
vn 0.000000 1.000000 0.000000
vn 0.000000 0.772807 -0.634641
vn -0.448767 0.772798 -0.448767
vn 0.000000 1.000000 0.000000
vn -0.448767 0.772798 -0.448767
vn -0.634641 0.772807 0.000000
vn 0.000000 1.000000 0.000000
vn -0.634641 0.772807 0.000000
vn -0.448767 0.772798 0.448767
vn 0.000000 1.000000 0.000000
vn -0.448767 0.772798 0.448767
vn 0.000000 0.772807 0.634641
vn 0.000000 1.000000 0.000000
vn 0.000000 0.772807 0.634641
vn 0.448767 0.772798 0.448767
vn 0.000000 1.000000 0.000000
vn 0.448767 0.772798 0.448767
vn 0.634641 0.772807 0.000000
vn 0.000000 1.000000 0.000000
vn 0.634641 0.772807 0.000000
vn 0.448767 0.772798 -0.448767
vn 0.000000 1.000000 0.000000
s off
g Cross1 Cross:CrossPearl1
f 883/1345/3697 884/1346/3698 885/1347/3699 886/1348/3700
f 884/1349/3701 887/1350/3702 888/1351/3703 885/1352/3704
f 887/1350/3705 889/1353/3706 890/1354/3707 888/1351/3708
f 889/1353/3709 891/1355/3710 892/1356/3711 890/1354/3712
f 891/1355/3713 893/1357/3714 894/1358/3715 892/1356/3716
f 893/1359/3717 895/1360/3718 896/1361/3719 894/1362/3720
f 895/1360/3721 897/1363/3722 898/1364/3723 896/1361/3724
f 897/1363/3725 883/1345/3726 886/1348/3727 898/1364/3728
f 886/1348/3729 885/1347/3730 899/1365/3731 900/1366/3732
f 885/1352/3733 888/1351/3734 901/1367/3735 899/1368/3736
f 888/1351/3737 890/1354/3738 902/1369/3739 901/1367/3740
f 890/1354/3741 892/1356/3742 903/1370/3743 902/1369/3744
f 892/1356/3745 894/1358/3746 904/1371/3747 903/1370/3748
f 894/1362/3749 896/1361/3750 905/1372/3751 904/1373/3752
f 896/1361/3753 898/1364/3754 906/1374/3755 905/1372/3756
f 898/1364/3757 886/1348/3758 900/1366/3759 906/1374/3760
f 900/1375/3761 899/1376/3762 907/1377/3763 908/1378/3764
f 899/1379/3765 901/1380/3766 909/1381/3767 907/1382/3768
f 901/1380/3769 902/1383/3770 910/1384/3771 909/1381/3772
f 902/1383/3773 903/1385/3774 911/1386/3775 910/1384/3776
f 903/1385/3777 904/1387/3778 912/1388/3779 911/1386/3780
f 904/1389/3781 905/1390/3782 913/1391/3783 912/1392/3784
f 905/1390/3785 906/1393/3786 914/1394/3787 913/1391/3788
f 906/1393/3789 900/1375/3790 908/1378/3791 914/1394/3792
f 908/1378/3793 907/1377/3794 915/1395/3795 916/1396/3796
f 907/1382/3797 909/1381/3798 917/1397/3799 915/1398/3800
f 909/1381/3801 910/1384/3802 918/1399/3803 917/1397/3804
f 910/1384/3805 911/1386/3806 919/1400/3807 918/1399/3808
f 911/1386/3809 912/1388/3810 920/1401/3811 919/1400/3812
f 912/1392/3813 913/1391/3814 921/1402/3815 920/1403/3816
f 913/1391/3817 914/1394/3818 922/1404/3819 921/1402/3820
f 914/1394/3821 908/1378/3822 916/1396/3823 922/1404/3824
f 884/1346/3825 883/1345/3826 923/1405/3827
f 887/1350/3828 884/1349/3829 923/1406/3830
f 889/1353/3831 887/1350/3832 923/1406/3833
f 891/1355/3834 889/1353/3835 923/1406/3836
f 893/1357/3837 891/1355/3838 923/1406/3839
f 895/1360/3840 893/1359/3841 923/1405/3842
f 897/1363/3843 895/1360/3844 923/1405/3845
f 883/1345/3846 897/1363/3847 923/1405/3848
f 916/1396/3849 915/1395/3850 924/1407/3851
f 915/1398/3852 917/1397/3853 924/1408/3854
f 917/1397/3855 918/1399/3856 924/1408/3857
f 918/1399/3858 919/1400/3859 924/1408/3860
f 919/1400/3861 920/1401/3862 924/1408/3863
f 920/1403/3864 921/1402/3865 924/1407/3866
f 921/1402/3867 922/1404/3868 924/1407/3869
f 922/1404/3870 916/1396/3871 924/1407/3872
g default
v -0.807417 -0.621050 -5.800854
v -1.061033 -0.621050 -5.905904
v -1.061033 -0.358487 -6.168470
v -0.621757 -0.358487 -5.986516
v -1.314651 -0.621050 -5.800854
v -1.500311 -0.358487 -5.986516
v -1.419701 -0.621050 -5.547237
v -1.682266 -0.358487 -5.547237
v -1.314651 -0.621050 -5.293620
v -1.500311 -0.358487 -5.107961
v -1.061033 -0.621050 -5.188571
v -1.061033 -0.358487 -4.926008
v -0.807417 -0.621050 -5.293620
v -0.621757 -0.358487 -5.107961
v -0.702366 -0.621050 -5.547237
v -0.439804 -0.358487 -5.547237
v -1.061033 0.000181 -6.264574
v -0.553802 0.000181 -6.054472
v -1.568268 0.000181 -6.054472
v -1.778370 0.000181 -5.547237
v -1.568268 0.000181 -5.040006
v -1.061033 0.000181 -4.829902
v -0.553802 0.000181 -5.040006
v -0.343698 0.000181 -5.547237
v -1.061033 0.358849 -6.168470
v -0.621757 0.358849 -5.986516
v -1.500311 0.358849 -5.986516
v -1.682266 0.358849 -5.547237
v -1.500311 0.358849 -5.107961
v -1.061033 0.358849 -4.926008
v -0.621757 0.358849 -5.107961
v -0.439804 0.358849 -5.547237
v -1.061033 0.621411 -5.905904
v -0.807417 0.621411 -5.800854
v -1.314651 0.621411 -5.800854
v -1.419701 0.621411 -5.547237
v -1.314651 0.621411 -5.293620
v -1.061033 0.621411 -5.188571
v -0.807417 0.621411 -5.293620
v -0.702366 0.621411 -5.547237
v -1.061033 -0.717154 -5.547237
v -1.061033 0.717515 -5.547237
vt 0.510278 0.945486
vt 0.500004 0.956787
vt 0.480611 0.943425
vt 0.501303 0.926742
vt 0.140430 0.691175
vt 0.128343 0.700512
vt 0.110376 0.690065
vt 0.128663 0.670775
vt 0.123836 0.714596
vt 0.103367 0.714597
vt 0.128343 0.728679
vt 0.110377 0.739127
vt 0.140431 0.738015
vt 0.128666 0.758416
vt 0.546693 0.960538
vt 0.538355 0.947742
vt 0.550208 0.930670
vt 0.567971 0.950444
vt 0.524677 0.942122
vt 0.526316 0.921718
vt 0.466486 0.926033
vt 0.493743 0.907352
vt 0.091654 0.680977
vt 0.112458 0.655303
vt 0.082774 0.714597
vt 0.091656 0.748216
vt 0.112462 0.773889
vt 0.560766 0.912737
vt 0.584691 0.935530
vt 0.527966 0.901192
vt 0.242031 0.639586
vt 0.262837 0.613915
vt 0.279041 0.629388
vt 0.260751 0.648676
vt 0.498866 0.630406
vt 0.519671 0.656079
vt 0.500950 0.665168
vt 0.482661 0.645879
vt 0.528552 0.689698
vt 0.507960 0.689699
vt 0.519674 0.723318
vt 0.500952 0.714230
vt 0.498871 0.748992
vt 0.482665 0.733520
vt 0.262830 0.732500
vt 0.242026 0.706826
vt 0.260748 0.697739
vt 0.279035 0.717029
vt 0.233148 0.673205
vt 0.253740 0.673207
vt 0.290805 0.649789
vt 0.278717 0.659125
vt 0.482984 0.675616
vt 0.470895 0.666280
vt 0.487491 0.689699
vt 0.482985 0.703783
vt 0.470898 0.713120
vt 0.278715 0.687292
vt 0.290802 0.696628
vt 0.274209 0.673208
vt 0.522996 0.963060
vt 0.144841 0.714595
vt 0.295214 0.673209
vt 0.466486 0.689701
vn 0.281081 -0.678602 -0.678596
vn 0.281081 -0.678602 -0.678596
vn 0.281081 -0.678602 -0.678596
vn 0.281081 -0.678602 -0.678596
vn 0.000000 -0.772807 -0.634641
vn -0.448767 -0.772798 -0.448767
vn -0.636727 -0.434922 -0.636727
vn 0.000000 -0.434927 -0.900466
vn -0.448767 -0.772798 -0.448767
vn -0.634641 -0.772807 0.000000
vn -0.900466 -0.434927 0.000000
vn -0.636727 -0.434922 -0.636727
vn -0.634641 -0.772807 0.000000
vn -0.448767 -0.772798 0.448767
vn -0.636727 -0.434922 0.636727
vn -0.900466 -0.434927 0.000000
vn -0.448767 -0.772798 0.448767
vn 0.000000 -0.772807 0.634641
vn 0.000000 -0.434927 0.900466
vn -0.636727 -0.434922 0.636727
vn 0.000000 -0.772807 0.634641
vn 0.448767 -0.772798 0.448767
vn 0.636727 -0.434922 0.636727
vn 0.000000 -0.434927 0.900466
vn 0.448767 -0.772798 0.448767
vn 0.634641 -0.772807 0.000000
vn 0.900466 -0.434927 0.000000
vn 0.636727 -0.434922 0.636727
vn 0.634641 -0.772807 0.000000
vn 0.448767 -0.772798 -0.448767
vn 0.636727 -0.434922 -0.636727
vn 0.900466 -0.434927 0.000000
vn 0.636727 -0.434922 -0.636727
vn 0.000000 -0.434927 -0.900466
vn 0.000000 0.000000 -1.000000
vn 0.707107 0.000000 -0.707107
vn 0.000000 -0.434927 -0.900466
vn -0.636727 -0.434922 -0.636727
vn -0.707107 0.000000 -0.707107
vn 0.000000 0.000000 -1.000000
vn -0.636727 -0.434922 -0.636727
vn -0.900466 -0.434927 0.000000
vn -1.000000 0.000000 0.000000
vn -0.707107 0.000000 -0.707107
vn -0.900466 -0.434927 0.000000
vn -0.636727 -0.434922 0.636727
vn -0.707107 0.000000 0.707107
vn -1.000000 0.000000 0.000000
vn -0.636727 -0.434922 0.636727
vn 0.000000 -0.434927 0.900466
vn 0.000000 0.000000 1.000000
vn -0.707107 0.000000 0.707107
vn 0.000000 -0.434927 0.900466
vn 0.636727 -0.434922 0.636727
vn 0.707107 0.000000 0.707107
vn 0.000000 0.000000 1.000000
vn 0.636727 -0.434922 0.636727
vn 0.900466 -0.434927 0.000000
vn 1.000000 0.000000 0.000000
vn 0.707107 0.000000 0.707107
vn 0.900466 -0.434927 0.000000
vn 0.636727 -0.434922 -0.636727
vn 0.707107 0.000000 -0.707107
vn 1.000000 0.000000 0.000000
vn 0.707107 0.000000 -0.707107
vn 0.000000 0.000000 -1.000000
vn 0.000000 0.434927 -0.900466
vn 0.636727 0.434922 -0.636727
vn 0.000000 0.000000 -1.000000
vn -0.707107 0.000000 -0.707107
vn -0.636727 0.434922 -0.636727
vn 0.000000 0.434927 -0.900466
vn -0.707107 0.000000 -0.707107
vn -1.000000 0.000000 0.000000
vn -0.900466 0.434927 0.000000
vn -0.636727 0.434922 -0.636727
vn -1.000000 0.000000 0.000000
vn -0.707107 0.000000 0.707107
vn -0.636727 0.434922 0.636727
vn -0.900466 0.434927 0.000000
vn -0.707107 0.000000 0.707107
vn 0.000000 0.000000 1.000000
vn 0.000000 0.434927 0.900466
vn -0.636727 0.434922 0.636727
vn 0.000000 0.000000 1.000000
vn 0.707107 0.000000 0.707107
vn 0.636727 0.434922 0.636727
vn 0.000000 0.434927 0.900466
vn 0.707107 0.000000 0.707107
vn 1.000000 0.000000 0.000000
vn 0.900466 0.434927 0.000000
vn 0.636727 0.434922 0.636727
vn 1.000000 0.000000 0.000000
vn 0.707107 0.000000 -0.707107
vn 0.636727 0.434922 -0.636727
vn 0.900466 0.434927 0.000000
vn 0.636727 0.434922 -0.636727
vn 0.000000 0.434927 -0.900466
vn 0.000000 0.772807 -0.634641
vn 0.448767 0.772798 -0.448767
vn 0.000000 0.434927 -0.900466
vn -0.636727 0.434922 -0.636727
vn -0.448767 0.772798 -0.448767
vn 0.000000 0.772807 -0.634641
vn -0.636727 0.434922 -0.636727
vn -0.900466 0.434927 0.000000
vn -0.634641 0.772807 0.000000
vn -0.448767 0.772798 -0.448767
vn -0.900466 0.434927 0.000000
vn -0.636727 0.434922 0.636727
vn -0.448767 0.772798 0.448767
vn -0.634641 0.772807 0.000000
vn -0.636727 0.434922 0.636727
vn 0.000000 0.434927 0.900466
vn 0.000000 0.772807 0.634641
vn -0.448767 0.772798 0.448767
vn 0.000000 0.434927 0.900466
vn 0.636727 0.434922 0.636727
vn 0.448767 0.772798 0.448767
vn 0.000000 0.772807 0.634641
vn 0.636727 0.434922 0.636727
vn 0.900466 0.434927 0.000000
vn 0.634641 0.772807 0.000000
vn 0.448767 0.772798 0.448767
vn 0.900466 0.434927 0.000000
vn 0.636727 0.434922 -0.636727
vn 0.448767 0.772798 -0.448767
vn 0.634641 0.772807 0.000000
vn 0.000000 -0.772807 -0.634641
vn 0.448767 -0.772798 -0.448767
vn 0.000000 -1.000000 0.000000
vn -0.448767 -0.772798 -0.448767
vn 0.000000 -0.772807 -0.634641
vn 0.000000 -1.000000 0.000000
vn -0.634641 -0.772807 0.000000
vn -0.448767 -0.772798 -0.448767
vn 0.000000 -1.000000 0.000000
vn -0.448767 -0.772798 0.448767
vn -0.634641 -0.772807 0.000000
vn 0.000000 -1.000000 0.000000
vn 0.000000 -0.772807 0.634641
vn -0.448767 -0.772798 0.448767
vn 0.000000 -1.000000 0.000000
vn 0.448767 -0.772798 0.448767
vn 0.000000 -0.772807 0.634641
vn 0.000000 -1.000000 0.000000
vn 0.634641 -0.772807 0.000000
vn 0.448767 -0.772798 0.448767
vn 0.000000 -1.000000 0.000000
vn 0.448767 -0.772798 -0.448767
vn 0.634641 -0.772807 0.000000
vn 0.000000 -1.000000 0.000000
vn 0.448767 0.772798 -0.448767
vn 0.000000 0.772807 -0.634641
vn 0.000000 1.000000 0.000000
vn 0.000000 0.772807 -0.634641
vn -0.448767 0.772798 -0.448767
vn 0.000000 1.000000 0.000000
vn -0.448767 0.772798 -0.448767
vn -0.634641 0.772807 0.000000
vn 0.000000 1.000000 0.000000
vn -0.634641 0.772807 0.000000
vn -0.448767 0.772798 0.448767
vn 0.000000 1.000000 0.000000
vn -0.448767 0.772798 0.448767
vn 0.000000 0.772807 0.634641
vn 0.000000 1.000000 0.000000
vn 0.000000 0.772807 0.634641
vn 0.448767 0.772798 0.448767
vn 0.000000 1.000000 0.000000
vn 0.448767 0.772798 0.448767
vn 0.634641 0.772807 0.000000
vn 0.000000 1.000000 0.000000
vn 0.634641 0.772807 0.000000
vn 0.448767 0.772798 -0.448767
vn 0.000000 1.000000 0.000000
s off
g Cross1 Cross:CrossPearl
f 925/1409/3873 926/1410/3874 927/1411/3875 928/1412/3876
f 926/1413/3877 929/1414/3878 930/1415/3879 927/1416/3880
f 929/1414/3881 931/1417/3882 932/1418/3883 930/1415/3884
f 931/1417/3885 933/1419/3886 934/1420/3887 932/1418/3888
f 933/1419/3889 935/1421/3890 936/1422/3891 934/1420/3892
f 935/1423/3893 937/1424/3894 938/1425/3895 936/1426/3896
f 937/1424/3897 939/1427/3898 940/1428/3899 938/1425/3900
f 939/1427/3901 925/1409/3902 928/1412/3903 940/1428/3904
f 928/1412/3905 927/1411/3906 941/1429/3907 942/1430/3908
f 927/1416/3909 930/1415/3910 943/1431/3911 941/1432/3912
f 930/1415/3913 932/1418/3914 944/1433/3915 943/1431/3916
f 932/1418/3917 934/1420/3918 945/1434/3919 944/1433/3920
f 934/1420/3921 936/1422/3922 946/1435/3923 945/1434/3924
f 936/1426/3925 938/1425/3926 947/1436/3927 946/1437/3928
f 938/1425/3929 940/1428/3930 948/1438/3931 947/1436/3932
f 940/1428/3933 928/1412/3934 942/1430/3935 948/1438/3936
f 942/1439/3937 941/1440/3938 949/1441/3939 950/1442/3940
f 941/1443/3941 943/1444/3942 951/1445/3943 949/1446/3944
f 943/1444/3945 944/1447/3946 952/1448/3947 951/1445/3948
f 944/1447/3949 945/1449/3950 953/1450/3951 952/1448/3952
f 945/1449/3953 946/1451/3954 954/1452/3955 953/1450/3956
f 946/1453/3957 947/1454/3958 955/1455/3959 954/1456/3960
f 947/1454/3961 948/1457/3962 956/1458/3963 955/1455/3964
f 948/1457/3965 942/1439/3966 950/1442/3967 956/1458/3968
f 950/1442/3969 949/1441/3970 957/1459/3971 958/1460/3972
f 949/1446/3973 951/1445/3974 959/1461/3975 957/1462/3976
f 951/1445/3977 952/1448/3978 960/1463/3979 959/1461/3980
f 952/1448/3981 953/1450/3982 961/1464/3983 960/1463/3984
f 953/1450/3985 954/1452/3986 962/1465/3987 961/1464/3988
f 954/1456/3989 955/1455/3990 963/1466/3991 962/1467/3992
f 955/1455/3993 956/1458/3994 964/1468/3995 963/1466/3996
f 956/1458/3997 950/1442/3998 958/1460/3999 964/1468/4000
f 926/1410/4001 925/1409/4002 965/1469/4003
f 929/1414/4004 926/1413/4005 965/1470/4006
f 931/1417/4007 929/1414/4008 965/1470/4009
f 933/1419/4010 931/1417/4011 965/1470/4012
f 935/1421/4013 933/1419/4014 965/1470/4015
f 937/1424/4016 935/1423/4017 965/1469/4018
f 939/1427/4019 937/1424/4020 965/1469/4021
f 925/1409/4022 939/1427/4023 965/1469/4024
f 958/1460/4025 957/1459/4026 966/1471/4027
f 957/1462/4028 959/1461/4029 966/1472/4030
f 959/1461/4031 960/1463/4032 966/1472/4033
f 960/1463/4034 961/1464/4035 966/1472/4036
f 961/1464/4037 962/1465/4038 966/1472/4039
f 962/1467/4040 963/1466/4041 966/1471/4042
f 963/1466/4043 964/1468/4044 966/1471/4045
f 964/1468/4046 958/1460/4047 966/1471/4048
g default
v -0.572000 -0.394000 5.484000
v 0.572148 -0.394000 5.484000
v -0.572000 0.394362 5.484000
v 0.572148 0.394362 5.484000
v -0.572000 0.394362 -1.156061
v 0.572148 0.394362 -1.156061
v -0.380949 0.262720 -3.653311
v 0.381095 0.262720 -3.653311
v -0.380949 -0.262358 -3.653311
v 0.381095 -0.262358 -3.653311
v -0.572000 -0.394000 -1.156061
v 0.572148 -0.394000 -1.156061
v -0.572000 0.394362 -0.069233
v -0.572000 -0.394000 -0.069233
v 0.572148 -0.394000 -0.069233
v 0.572148 0.394362 -0.069233
v -3.313210 -0.247638 -0.954289
v -3.313210 -0.247638 -0.271008
v -3.363228 0.247999 -0.271008
v -3.363228 0.247999 -0.954289
v 3.386997 -0.231400 -0.293393
v 3.395071 0.231761 -0.293393
v 3.386997 -0.231400 -0.931904
v 3.395071 0.231761 -0.931904
v -2.282268 0.394362 -0.069233
v -2.282268 -0.394000 -0.069233
v -2.282268 -0.394000 -1.156061
v -2.282268 0.394362 -1.156061
v 2.321939 0.394362 -0.069233
v 2.321939 0.394362 -1.156061
v 2.321939 -0.394000 -1.156061
v 2.321939 -0.394000 -0.069233
v 0.572148 0.394362 -2.748741
v -0.572000 0.394362 -2.748741
v -0.572000 -0.394000 -2.748741
v 0.572148 -0.394000 -2.748741
vt 0.718067 0.944369
vt 0.717613 0.879288
vt 0.762453 0.878981
vt 0.762908 0.944054
vt 0.252114 0.537142
vt 0.187035 0.537145
vt 0.187028 0.221275
vt 0.252095 0.221273
vt 0.252105 0.159454
vt 0.187013 0.159456
vt 0.187016 0.068861
vt 0.252096 0.068865
vt 0.745390 0.016863
vt 0.746375 0.060201
vt 0.716516 0.060874
vt 0.715531 0.017544
vt 0.486384 0.485118
vt 0.421309 0.485798
vt 0.420367 0.395210
vt 0.485454 0.394533
vt 0.484798 0.332716
vt 0.419733 0.333395
vt 0.416424 0.017545
vt 0.481500 0.016864
vt 0.712185 0.204172
vt 0.710195 0.113609
vt 0.755026 0.112614
vt 0.757016 0.203189
vt 0.715522 0.563347
vt 0.760363 0.563207
vt 0.708006 0.072520
vt 0.700025 0.162809
vt 0.655366 0.158772
vt 0.663338 0.068585
vt 0.691654 0.514818
vt 0.700994 0.830678
vt 0.656173 0.832003
vt 0.646842 0.516416
vt 0.676907 0.318662
vt 0.676070 0.357837
vt 0.647754 0.356886
vt 0.648577 0.318349
vt 0.751475 0.401492
vt 0.725129 0.401745
vt 0.724896 0.365376
vt 0.751244 0.365228
vt 0.582056 0.331653
vt 0.582745 0.393468
vt 0.642786 0.419489
vt 0.687575 0.417357
vt 0.349403 0.159508
vt 0.349358 0.221327
vt 0.691098 0.259797
vt 0.646463 0.255518
vt 0.715578 0.463693
vt 0.760419 0.463806
vt 0.320827 0.396199
vt 0.320227 0.334383
vt 0.759164 0.302700
vt 0.714333 0.303669
vt 0.087520 0.221338
vt 0.087466 0.159519
vt 0.641403 0.342456
vt 0.641845 0.381318
vt 0.411444 0.171043
vt 0.411409 0.209908
vt 0.025776 0.208655
vt 0.025736 0.172337
vt 0.259420 0.384033
vt 0.259074 0.347716
vt 0.197893 0.016865
vt 0.241238 0.016872
vt 0.705132 0.019471
vt 0.675380 0.016864
vt 0.476067 0.537220
vt 0.432725 0.537678
vn 0.000000 0.000000 1.000000
vn 0.000000 0.000000 1.000000
vn 0.000000 0.000000 1.000000
vn 0.000000 0.000000 1.000000
vn 0.000000 1.000000 0.000000
vn 0.000000 1.000000 0.000000
vn 0.000000 1.000000 0.000000
vn 0.000000 1.000000 0.000000
vn 0.000000 1.000000 0.000000
vn 0.000000 1.000000 0.000000
vn 0.000000 0.999104 -0.042331
vn 0.000000 0.999104 -0.042331
vn 0.000000 0.000000 -1.000000
vn 0.000000 0.000000 -1.000000
vn 0.000000 0.000000 -1.000000
vn 0.000000 0.000000 -1.000000
vn 0.000000 -0.999104 -0.042331
vn 0.000000 -0.999104 -0.042331
vn 0.000000 -1.000000 0.000000
vn 0.000000 -1.000000 0.000000
vn 0.000000 -1.000000 0.000000
vn 0.000000 -1.000000 0.000000
vn 0.000000 -1.000000 0.000000
vn 0.000000 -1.000000 0.000000
vn 1.000000 0.000000 0.000000
vn 0.998109 0.000000 -0.061468
vn 0.998109 0.000000 -0.061468
vn 1.000000 0.000000 0.000000
vn 1.000000 0.000000 0.000000
vn 1.000000 0.000000 0.000000
vn 1.000000 0.000000 0.000000
vn 1.000000 0.000000 0.000000
vn -0.998109 0.000000 -0.061468
vn -1.000000 0.000000 0.000000
vn -1.000000 0.000000 0.000000
vn -0.998109 0.000000 -0.061468
vn -1.000000 0.000000 0.000000
vn -1.000000 0.000000 0.000000
vn -1.000000 0.000000 0.000000
vn -1.000000 0.000000 0.000000
vn -0.994955 -0.100325 0.000000
vn -0.994955 -0.100325 0.000000
vn -0.994955 -0.100325 0.000000
vn -0.994955 -0.100325 0.000000
vn 0.000000 -1.000000 0.000000
vn 0.000000 -1.000000 0.000000
vn 0.000000 -1.000000 0.000000
vn 0.000000 -1.000000 0.000000
vn 0.999848 -0.017427 0.000000
vn 0.999848 -0.017427 0.000000
vn 0.999848 -0.017427 0.000000
vn 0.999848 -0.017427 0.000000
vn 0.000000 1.000000 0.000000
vn 0.000000 1.000000 0.000000
vn 0.000000 1.000000 0.000000
vn 0.000000 1.000000 0.000000
vn 0.000000 -1.000000 0.000000
vn 0.000000 -1.000000 0.000000
vn -0.042697 -0.999088 0.000000
vn -0.042697 -0.999088 0.000000
vn 0.000000 0.000000 1.000000
vn 0.000000 0.000000 1.000000
vn -0.058419 -0.002197 0.998290
vn -0.058174 -0.002197 0.998304
vn 0.000000 1.000000 0.000000
vn 0.000000 1.000000 0.000000
vn -0.042301 0.999105 0.000000
vn -0.042301 0.999105 0.000000
vn 0.000000 0.000000 -1.000000
vn 0.000000 0.000000 -1.000000
vn -0.058174 -0.002197 -0.998304
vn -0.058419 -0.002197 -0.998290
vn 0.000000 0.000000 1.000000
vn 0.000000 0.000000 1.000000
vn 0.061742 -0.000336 0.998092
vn 0.061833 -0.000336 0.998087
vn 0.000000 -1.000000 0.000000
vn 0.000000 -1.000000 0.000000
vn 0.045142 -0.998981 0.000000
vn 0.045142 -0.998981 0.000000
vn 0.000000 0.000000 -1.000000
vn 0.000000 0.000000 -1.000000
vn 0.061833 -0.000336 -0.998087
vn 0.061742 -0.000336 -0.998092
vn 0.000000 1.000000 0.000000
vn 0.000000 1.000000 0.000000
vn 0.045020 0.998986 0.000000
vn 0.045020 0.998986 0.000000
vn -0.058174 -0.002197 0.998304
vn -0.058419 -0.002197 0.998290
vn -0.187611 -0.007233 0.982217
vn -0.187611 -0.007233 0.982217
vn -0.042697 -0.999088 0.000000
vn -0.042697 -0.999088 0.000000
vn -0.140545 -0.990074 0.000000
vn -0.140545 -0.990074 0.000000
vn -0.058419 -0.002197 -0.998290
vn -0.058174 -0.002197 -0.998304
vn -0.187611 -0.007233 -0.982217
vn -0.187611 -0.007233 -0.982217
vn -0.042301 0.999105 0.000000
vn -0.042301 0.999105 0.000000
vn -0.134174 0.990958 0.000000
vn -0.134174 0.990958 0.000000
vn 0.045020 0.998986 0.000000
vn 0.045020 0.998986 0.000000
vn 0.149800 0.988716 0.000000
vn 0.149800 0.988716 0.000000
vn 0.061742 -0.000336 -0.998092
vn 0.061833 -0.000336 -0.998087
vn 0.205141 -0.001251 -0.978732
vn 0.205141 -0.001251 -0.978732
vn 0.045142 -0.998981 0.000000
vn 0.045142 -0.998981 0.000000
vn 0.150872 -0.988553 0.000000
vn 0.150872 -0.988553 0.000000
vn 0.061833 -0.000336 0.998087
vn 0.061742 -0.000336 0.998092
vn 0.205141 -0.001251 0.978732
vn 0.205141 -0.001251 0.978732
vn 0.000000 0.999104 -0.042331
vn 0.000000 0.999104 -0.042331
vn 0.000000 0.989579 -0.143993
vn 0.000000 0.989579 -0.143993
vn -0.978427 0.000000 -0.206593
vn -0.998109 0.000000 -0.061468
vn -0.998109 0.000000 -0.061468
vn -0.978427 0.000000 -0.206593
vn 0.000000 -0.989579 -0.143993
vn 0.000000 -0.989579 -0.143993
vn 0.000000 -0.999104 -0.042331
vn 0.000000 -0.999104 -0.042331
vn 0.998109 0.000000 -0.061468
vn 0.998109 0.000000 -0.061468
vn 0.978427 0.000000 -0.206593
vn 0.978427 0.000000 -0.206593
s off
g Cross1 Cross:Cross
f 967/1473/4049 968/1474/4050 970/1475/4051 969/1476/4052
f 969/1477/4053 970/1478/4054 982/1479/4055 979/1480/4056
f 971/1481/4057 972/1482/4058 999/1483/4059 1000/1484/4060
f 973/1485/4061 974/1486/4062 976/1487/4063 975/1488/4064
f 1001/1489/4065 1002/1490/4066 978/1491/4067 977/1492/4068
f 980/1493/4069 981/1494/4070 968/1495/4071 967/1496/4072
f 978/1497/4073 1002/1498/4074 999/1499/4075 972/1500/4076
f 968/1474/4077 981/1501/4078 982/1502/4079 970/1475/4080
f 1001/1503/4081 977/1504/4082 971/1505/4083 1000/1506/4084
f 980/1507/4085 967/1508/4086 969/1509/4087 979/1510/4088
f 983/1511/4089 984/1512/4090 985/1513/4091 986/1514/4092
f 977/1492/4093 978/1491/4094 981/1494/4095 980/1493/4096
f 988/1515/4097 987/1516/4098 989/1517/4099 990/1518/4100
f 979/1480/4101 982/1479/4102 972/1482/4103 971/1481/4104
f 977/1492/4105 980/1493/4106 992/1519/4107 993/1520/4108
f 980/1507/4109 979/1510/4110 991/1521/4111 992/1522/4112
f 979/1480/4113 971/1481/4114 994/1523/4115 991/1524/4116
f 971/1505/4117 977/1504/4118 993/1525/4119 994/1526/4120
f 982/1502/4121 981/1501/4122 998/1527/4123 995/1528/4124
f 981/1494/4125 978/1491/4126 997/1529/4127 998/1530/4128
f 978/1497/4129 972/1500/4130 996/1531/4131 997/1532/4132
f 972/1482/4133 982/1479/4134 995/1533/4135 996/1534/4136
f 992/1522/4137 991/1521/4138 985/1513/4139 984/1512/4140
f 993/1520/4141 992/1519/4142 984/1535/4143 983/1536/4144
f 994/1526/4145 993/1525/4146 983/1511/4147 986/1514/4148
f 991/1524/4149 994/1523/4150 986/1537/4151 985/1538/4152
f 996/1534/4153 995/1533/4154 988/1539/4155 990/1540/4156
f 997/1532/4157 996/1531/4158 990/1518/4159 989/1517/4160
f 998/1530/4161 997/1529/4162 989/1541/4163 987/1542/4164
f 995/1528/4165 998/1527/4166 987/1516/4167 988/1515/4168
f 1000/1484/4169 999/1483/4170 974/1543/4171 973/1544/4172
f 975/1545/4173 1001/1503/4174 1000/1506/4175 973/1546/4176
f 975/1547/4177 976/1548/4178 1002/1490/4179 1001/1489/4180
f 999/1499/4181 1002/1498/4182 976/1487/4183 974/1486/4184
